300,310
0.0,0.0
0.0,0.0
0.0,0.0
-1.7288476977526148,-1.78647595434437
-1.7288476977526148,-1.78647595434437
-1.7288476977526148,-1.78647595434437
0.0,0.0
0.0,0.0
0.0,0.0
0.0,0.0
0.0,0.0
0.0,0.0
0.0,0.0
0.0,0.0
12.235629675788536,12.277378889086526
0.0,0.0
0.0,0.0
0.0,0.0
0.0,0.0
-1.7288476977526148,-1.78647595434437
-2.7401587703960004,-2.831497396075868
-2.7401587703960004,-2.831497396075868
-1.7288476977526148,-1.78647595434437
-2.7401587703960004,-2.831497396075868
-2.7401587703960004,-2.831497396075868
-2.7401587703960004,-2.831497396075868
-3.4576953955052314,-3.57295190868874
-2.7401587703960004,-2.831497396075868
-1.7288476977526148,-1.78647595434437
0.0,0.0
0.0,0.0
0.0,0.0
0.0,0.0
-1.7288476977526148,-1.78647595434437
-2.7401587703960004,-2.831497396075868
0.0,0.0
0.0,0.0
0.0,0.0
0.0,0.0
0.0,0.0
0.0,0.0
-1.7288476977526148,-1.78647595434437
-1.7288476977526148,-1.78647595434437
-1.7288476977526148,-1.78647595434437
-2.7401587703960004,-2.831497396075868
-2.7401587703960004,-2.831497396075868
-2.7401587703960004,-2.831497396075868
-2.7401587703960004,-2.831497396075868
-1.7288476977526148,-1.78647595434437
-1.7288476977526148,-1.78647595434437
0.0,0.0
0.0,0.0
0.0,0.0
0.0,0.0
0.0,0.0
0.0,0.0
0.0,0.0
0.0,0.0
0.0,0.0
0.0,0.0
-1.7288476977526148,-1.78647595434437
0.0,0.0
0.0,0.0
-1.7288476977526148,-1.78647595434437
0.0,0.0
-1.7288476977526148,-1.78647595434437
0.0,0.0
0.0,0.0
0.0,0.0
-1.7288476977526148,-1.78647595434437
0.0,0.0
-1.7288476977526148,-1.78647595434437
0.0,0.0
0.0,0.0
-1.7288476977526148,-1.78647595434437
0.0,0.0
-1.7288476977526148,-1.78647595434437
0.0,0.0
0.0,0.0
-1.7288476977526148,-1.78647595434437
0.0,0.0
0.0,0.0
0.0,0.0
0.0,0.0
0.0,0.0
0.0,0.0
-1.7288476977526148,-1.78647595434437
-1.7288476977526148,-1.78647595434437
-2.7401587703960004,-2.831497396075868
-1.7288476977526148,-1.78647595434437
0.0,0.0
0.0,0.0
0.0,0.0
0.0,0.0
0.0,0.0
-1.7288476977526148,-1.78647595434437
0.0,0.0
0.0,0.0
0.0,0.0
0.0,0.0
-1.7288476977526148,-1.78647595434437
-1.7288476977526148,-1.78647595434437
-2.7401587703960004,-2.831497396075868
-1.7288476977526148,-1.78647595434437
0.0,0.0
0.0,0.0
6.040496074625979,6.061032663455679
6.212723758298347,6.233850068256272
7.633054192844847,7.659043825867068
6.246298084407352,6.267539355497254
7.585689629231554,7.611517082264497
0.0,0.0
0.0,0.0
0.0,0.0
-1.7288476977526148,-1.78647595434437
0.0,0.0
0.0,0.0
-1.7288476977526148,-1.78647595434437
-2.7401587703960004,-2.831497396075868
-1.7288476977526148,-1.78647595434437
0.0,0.0
-1.7288476977526148,-1.78647595434437
0.0,0.0
0.0,0.0
0.0,0.0
0.0,0.0
-1.7288476977526148,-1.78647595434437
0.0,0.0
-1.7288476977526148,-1.78647595434437
0.0,0.0
0.0,0.0
-2.7401587703960004,-2.831497396075868
0.0,0.0
-1.7288476977526148,-1.78647595434437
0.0,0.0
-1.7288476977526148,-1.78647595434437
0.0,0.0
0.0,0.0
0.0,0.0
0.0,0.0
-1.7288476977526148,-1.78647595434437
0.0,0.0
0.0,0.0
-1.7288476977526148,-1.78647595434437
-2.7401587703960004,-2.831497396075868
-1.7288476977526148,-1.78647595434437
0.0,0.0
0.0,0.0
0.0,0.0
-1.7288476977526148,-1.78647595434437
-1.7288476977526148,-1.78647595434437
-1.7288476977526148,-1.78647595434437
0.0,0.0
7.781574421532559,7.808072599493423
6.44146027699623,6.463369798775835
7.939669124977899,7.966708631631656
6.455303426666463,6.477260348478788
6.137917254507089,6.158787421115273
0.0,0.0
0.0,0.0
-1.7288476977526148,-1.78647595434437
-2.7401587703960004,-2.831497396075868
-2.7401587703960004,-2.831497396075868
-1.7288476977526148,-1.78647595434437
-2.7401587703960004,-2.831497396075868
-1.7288476977526148,-1.78647595434437
0.0,0.0
0.0,0.0
0.0,0.0
0.0,0.0
0.0,0.0
-1.7288476977526148,-1.78647595434437
0.0,0.0
0.0,0.0
0.0,0.0
0.0,0.0
0.0,0.0
-1.7288476977526148,-1.78647595434437
-2.7401587703960004,-2.831497396075868
-1.7288476977526148,-1.78647595434437
-1.7288476977526148,-1.78647595434437
0.0,0.0
0.0,0.0
0.0,0.0
0.0,0.0
0.0,0.0
0.0,0.0
0.0,0.0
0.0,0.0
-1.7288476977526148,-1.78647595434437
0.0,0.0
0.0,0.0
-1.7288476977526148,-1.78647595434437
-1.7288476977526148,-1.78647595434437
0.0,0.0
-1.7288476977526148,-1.78647595434437
-1.7288476977526148,-1.78647595434437
0.0,0.0
0.0,0.0
-1.7288476977526148,-1.78647595434437
-1.7288476977526148,-1.78647595434437
0.0,0.0
-1.7288476977526148,-1.78647595434437
0.0,0.0
0.0,0.0
0.0,0.0
0.0,0.0
0.0,0.0
-1.7288476977526148,-1.78647595434437
0.0,0.0
-1.7288476977526148,-1.78647595434437
0.0,0.0
0.0,0.0
-1.7288476977526148,-1.78647595434437
0.0,0.0
0.0,0.0
0.0,0.0
0.0,0.0
0.0,0.0
0.0,0.0
0.0,0.0
0.0,0.0
0.0,0.0
0.0,0.0
-1.7288476977526148,-1.78647595434437
-1.7288476977526148,-1.78647595434437
-3.4576953955052314,-3.57295190868874
-2.7401587703960004,-2.831497396075868
-2.7401587703960004,-2.831497396075868
-2.7401587703960004,-2.831497396075868
-1.7288476977526148,-1.78647595434437
-1.7288476977526148,-1.78647595434437
-1.7288476977526148,-1.78647595434437
0.0,0.0
0.0,0.0
0.0,0.0
0.0,0.0
0.0,0.0
0.0,0.0
-2.7401587703960004,-2.831497396075868
-1.7288476977526148,-1.78647595434437
0.0,0.0
0.0,0.0
0.0,0.0
0.0,0.0
-1.7288476977526148,-1.78647595434437
-2.7401587703960004,-2.831497396075868
-3.4576953955052314,-3.57295190868874
-3.4576953955052314,-3.57295190868874
-2.7401587703960004,-2.831497396075868
-3.4576953955052314,-3.57295190868874
-1.7288476977526148,-1.78647595434437
-3.4576953955052314,-3.57295190868874
-1.7288476977526148,-1.78647595434437
-1.7288476977526148,-1.78647595434437
0.0,0.0
0.0,0.0
0.0,0.0
0.0,0.0
0.0,0.0
12.168103901738641,12.209621901477883
0.0,0.0
0.0,0.0
0.0,0.0
0.0,0.0
0.0,0.0
0.0,0.0
0.0,0.0
0.0,0.0
0.0,0.0
-1.7288476977526148,-1.78647595434437
-1.7288476977526148,-1.78647595434437
-1.7288476977526148,-1.78647595434437
0.0,0.0
0.0,0.0
0.0,0.0
