struct_elem,sw_part,start1,end1,start2,end2,start3,end3,type
10,72.60661756837868,0,0,2,4,12,19,3
10,72.60661756837868,0,0,2,5,12,19,3
10,972.004724791688,0,0,2,6,12,19,3
10,426.8927547452433,0,0,2,7,12,19,3
10,15.21893900821622,0,0,2,8,12,19,3
10,848.1354297480855,0,0,2,9,12,19,3
10,691.0479341634098,0,0,2,10,12,19,3
10,922.5107770224976,0,0,2,11,12,19,3
10,42.28883488578381,0,0,2,12,0,0,2
10,922.5107770224976,0,0,2,12,12,19,3
10,44.91496898741384,0,0,3,5,13,19,3
10,601.2890220168032,0,0,3,6,13,19,3
10,264.0788881575004,0,0,3,7,13,19,3
10,9.414543694059583,0,0,3,8,13,19,3
10,524.6625968822533,0,0,3,9,13,19,3
10,427.4871571111957,0,0,3,10,13,19,3
10,570.6717146202113,0,0,3,11,13,19,3
10,922.5107770224976,0,0,3,12,13,19,3
10,800.1990176670581,0,0,3,13,0,0,2
10,922.5107770224976,0,0,3,13,13,19,3
10,15.433541894752471,0,0,4,6,14,19,3
10,6.778225503316348,0,0,4,7,14,19,3
10,0.2416471101283236,0,0,4,8,14,19,3
10,13.466738744758947,0,0,4,9,14,19,3
10,10.972495267941058,0,0,4,10,14,19,3
10,14.647674401571123,0,0,4,11,14,19,3
10,23.67847774400165,0,0,4,12,14,19,3
10,448.04957813985527,0,0,4,13,14,19,3
10,29.109960690451487,0,0,4,14,0,0,2
10,448.04957813985527,0,0,4,14,14,19,3
10,90.49551011487624,0,0,5,7,15,19,3
10,3.2262099406620632,0,0,5,8,15,19,3
10,179.79327947918983,0,0,5,9,15,19,3
10,146.49284772534804,0,0,5,10,15,19,3
10,195.55985063026432,0,0,5,11,15,19,3
10,316.129335198243,0,0,5,12,15,19,3
10,5981.871672856465,0,0,5,13,15,19,3
10,448.04957813985527,0,0,5,14,15,19,3
10,66.58181888097356,0,0,5,15,0,0,2
10,448.04957813985527,0,0,5,15,15,19,3
10,1.4105178580312656,0,0,6,8,16,19,3
10,78.60667350351083,0,0,6,9,16,19,3
10,64.04752994718461,0,0,6,10,16,19,3
10,85.49991063858306,0,0,6,11,16,19,3
10,138.21359457257384,0,0,6,12,16,19,3
10,2615.3092868109816,0,0,6,13,16,19,3
10,195.88989646468855,0,0,6,14,16,19,3
10,448.04957813985527,0,0,6,15,16,19,3
10,230.1006918315153,0,0,6,16,0,0,2
10,448.04957813985527,0,0,6,16,16,19,3
10,1.6990453774757444,0,0,7,9,17,19,3
10,1.3843565036579653,0,0,7,10,17,19,3
10,1.848039377198499,0,0,7,11,17,19,3
10,2.987420259583306,0,0,7,12,17,19,3
10,56.52865025801059,0,0,7,13,17,19,3
10,4.234065738294685,0,0,7,14,17,19,3
10,9.684375774844098,0,0,7,15,17,19,3
10,33.468319177816525,0,0,7,16,17,19,3
10,33.468319177816525,0,0,7,17,0,0,2
10,33.468319177816525,0,0,7,17,17,19,3
10,1.618785810913581,0,0,8,10,18,19,3
10,2.1609895383982938,0,0,8,11,18,19,3
10,3.493315135711644,0,0,8,12,18,19,3
10,66.10130895182536,0,0,8,13,18,19,3
10,4.951069700265744,0,0,8,14,18,19,3
10,11.324344596531876,0,0,8,15,18,19,3
10,39.13590181215495,0,0,8,16,18,19,3
10,76.20500467637982,0,0,8,17,18,19,3
10,76.20500467637982,0,0,8,18,0,0,2
10,76.20500467637982,0,0,8,18,18,19,3
10,60.615971752332065,0,0,9,11,19,19,3
10,97.98783743545503,0,0,9,12,19,19,3
10,1854.1482987399472,0,0,9,13,19,19,3
10,138.8779981404153,0,0,9,14,19,19,3
10,317.64899365770674,0,0,9,15,19,19,3
10,1097.7659431456211,0,0,9,16,19,19,3
10,2137.557969981428,0,0,9,17,19,19,3
10,2137.557969981428,0,0,9,18,19,19,3
10,2137.557969981428,0,0,9,19,0,0,2
10,2137.557969981428,0,0,9,19,19,19,3
10,72.60661756837868,0,1,3,5,12,19,3
10,972.004724791688,0,1,3,6,12,19,3
10,426.8927547452433,0,1,3,7,12,19,3
10,15.21893900821622,0,1,3,8,12,19,3
10,848.1354297480855,0,1,3,9,12,19,3
10,691.0479341634098,0,1,3,10,12,19,3
10,922.5107770224976,0,1,3,11,12,19,3
10,42.28883488578381,0,1,3,12,0,0,2
10,922.5107770224976,0,1,3,12,12,19,3
10,292.0370139461085,0,1,4,6,13,19,3
10,128.25913515775062,0,1,4,7,13,19,3
10,4.572501953979623,0,1,4,8,13,19,3
10,254.8207143526104,0,1,4,9,13,19,3
10,207.62406811341387,0,1,4,10,13,19,3
10,277.16664927991184,0,1,4,11,13,19,3
10,448.04957813985527,0,1,4,12,13,19,3
10,388.6446003924654,0,1,4,13,0,0,2
10,448.04957813985527,0,1,4,13,13,19,3
10,6.778225503316348,0,1,5,7,14,19,3
10,0.2416471101283236,0,1,5,8,14,19,3
10,13.466738744758947,0,1,5,9,14,19,3
10,10.972495267941058,0,1,5,10,14,19,3
10,14.647674401571123,0,1,5,11,14,19,3
10,23.67847774400165,0,1,5,12,14,19,3
10,448.04957813985527,0,1,5,13,14,19,3
10,29.109960690451487,0,1,5,14,0,0,2
10,448.04957813985527,0,1,5,14,14,19,3
10,3.2262099406620632,0,1,6,8,15,19,3
10,179.79327947918983,0,1,6,9,15,19,3
10,146.49284772534804,0,1,6,10,15,19,3
10,195.55985063026432,0,1,6,11,15,19,3
10,316.129335198243,0,1,6,12,15,19,3
10,5981.871672856465,0,1,6,13,15,19,3
10,448.04957813985527,0,1,6,14,15,19,3
10,66.58181888097356,0,1,6,15,0,0,2
10,448.04957813985527,0,1,6,15,15,19,3
10,5.871745821621355,0,1,7,9,16,19,3
10,4.78420978259249,0,1,7,10,16,19,3
10,6.3866554920261,0,1,7,11,16,19,3
10,10.32425187648391,0,1,7,12,16,19,3
10,195.35785821535953,0,1,7,13,16,19,3
10,14.632544920158786,0,1,7,14,16,19,3
10,33.468319177816525,0,1,7,15,16,19,3
10,17.188016177195696,0,1,7,16,0,0,2
10,33.468319177816525,0,1,7,16,16,19,3
10,3.1520822206379653,0,1,8,10,17,19,3
10,4.207855453789583,0,1,8,11,17,19,3
10,6.802145445139439,0,1,8,12,17,19,3
10,128.71175377448944,0,1,8,13,17,19,3
10,9.64066936473792,0,1,8,14,17,19,3
10,22.05064130316333,0,1,8,15,17,19,3
10,76.20500467637982,0,1,8,16,17,19,3
10,76.20500467637982,0,1,8,17,0,0,2
10,76.20500467637982,0,1,8,17,17,19,3
10,60.615971752332065,0,1,9,11,18,19,3
10,97.98783743545503,0,1,9,12,18,19,3
10,1854.1482987399472,0,1,9,13,18,19,3
10,138.8779981404153,0,1,9,14,18,19,3
10,317.64899365770674,0,1,9,15,18,19,3
10,1097.7659431456211,0,1,9,16,18,19,3
10,2137.557969981428,0,1,9,17,18,19,3
10,2137.557969981428,0,1,9,18,0,0,2
10,2137.557969981428,0,1,9,18,18,19,3
10,1.7582933917996273,0,1,10,12,19,19,3
10,33.27083020113013,0,1,10,13,19,19,3
10,2.492026283950811,0,1,10,14,19,19,3
10,5.699892364989143,0,1,10,15,19,19,3
10,19.698308015492813,0,1,10,16,19,19,3
10,38.35633229157326,0,1,10,17,19,19,3
10,38.35633229157326,0,1,10,18,19,19,3
10,38.35633229157326,0,1,10,19,0,0,2
10,38.35633229157326,0,1,10,19,19,19,3
10,472.08804248174187,0,2,4,6,12,19,3
10,207.33537584450613,0,2,4,7,12,19,3
10,7.391609260518341,0,2,4,8,12,19,3
10,411.9265931294663,0,2,4,9,12,19,3
10,335.6315645175206,0,2,4,10,12,19,3
10,448.04957813985527,0,2,4,11,12,19,3
10,20.539049626885088,0,2,4,12,0,0,2
10,448.04957813985527,0,2,4,12,12,19,3
10,128.25913515775062,0,2,5,7,13,19,3
10,4.572501953979623,0,2,5,8,13,19,3
10,254.8207143526104,0,2,5,9,13,19,3
10,207.62406811341387,0,2,5,10,13,19,3
10,277.16664927991184,0,2,5,11,13,19,3
10,448.04957813985527,0,2,5,12,13,19,3
10,388.6446003924654,0,2,5,13,0,0,2
10,448.04957813985527,0,2,5,13,13,19,3
10,0.2416471101283236,0,2,6,8,14,19,3
10,13.466738744758947,0,2,6,9,14,19,3
10,10.972495267941058,0,2,6,10,14,19,3
10,14.647674401571123,0,2,6,11,14,19,3
10,23.67847774400165,0,2,6,12,14,19,3
10,448.04957813985527,0,2,6,13,14,19,3
10,29.109960690451487,0,2,6,14,0,0,2
10,448.04957813985527,0,2,6,14,14,19,3
10,13.430162993608718,0,2,7,9,15,19,3
10,10.942693898506066,0,2,7,10,15,19,3
10,14.607891221396953,0,2,7,11,15,19,3
10,23.61416684245412,0,2,7,12,15,19,3
10,446.8326725338578,0,2,7,13,15,19,3
10,33.468319177816525,0,2,7,14,15,19,3
10,4.973515598428747,0,2,7,15,0,0,2
10,33.468319177816525,0,2,7,15,15,19,3
10,10.893308591872588,0,2,8,10,16,19,3
10,14.54196456805836,0,2,8,11,16,19,3
10,23.50759410257624,0,2,8,12,16,19,3
10,444.8160787451972,0,2,8,13,16,19,3
10,33.31727381180028,0,2,8,14,16,19,3
10,76.20500467637982,0,2,8,15,16,19,3
10,39.13590181215495,0,2,8,16,0,0,2
10,76.20500467637982,0,2,8,16,16,19,3
10,118.03076451441612,0,2,9,11,17,19,3
10,190.8008571218876,0,2,9,12,17,19,3
10,3610.3775110222464,0,2,9,13,17,19,3
10,270.4217357385556,0,2,9,14,17,19,3
10,618.5226844476284,0,2,9,15,17,19,3
10,2137.557969981428,0,2,9,16,17,19,3
10,2137.557969981428,0,2,9,17,0,0,2
10,2137.557969981428,0,2,9,17,17,19,3
10,1.7582933917996273,0,2,10,12,18,19,3
10,33.27083020113013,0,2,10,13,18,19,3
10,2.492026283950811,0,2,10,14,18,19,3
10,5.699892364989143,0,2,10,15,18,19,3
10,19.698308015492813,0,2,10,16,18,19,3
10,38.35633229157326,0,2,10,17,18,19,3
10,38.35633229157326,0,2,10,18,0,0,2
10,38.35633229157326,0,2,10,18,18,19,3
10,40.83388210236428,0,2,11,13,19,19,3
10,3.0585082145435565,0,2,11,14,19,19,3
10,6.995579353479041,0,2,11,15,19,19,3
10,24.176084042933457,0,2,11,16,19,19,3
10,47.075409336194106,0,2,11,17,19,19,3
10,47.075409336194106,0,2,11,18,19,19,3
10,47.075409336194106,0,2,11,19,0,0,2
10,47.075409336194106,0,2,11,19,19,19,3
10,426.8927547452433,0,3,5,7,12,19,3
10,15.21893900821622,0,3,5,8,12,19,3
10,848.1354297480855,0,3,5,9,12,19,3
10,691.0479341634098,0,3,5,10,12,19,3
10,922.5107770224976,0,3,5,11,12,19,3
10,42.28883488578381,0,3,5,12,0,0,2
10,922.5107770224976,0,3,5,12,12,19,3
10,9.414543694059583,0,3,6,8,13,19,3
10,524.6625968822533,0,3,6,9,13,19,3
10,427.4871571111957,0,3,6,10,13,19,3
10,570.6717146202113,0,3,6,11,13,19,3
10,922.5107770224976,0,3,6,12,13,19,3
10,800.1990176670581,0,3,6,13,0,0,2
10,922.5107770224976,0,3,6,13,13,19,3
10,2.071169489474618,0,3,7,9,14,19,3
10,1.6875576079033054,0,3,7,10,14,19,3
10,2.252796084285778,0,3,7,11,14,19,3
10,3.641723626640231,0,3,7,12,14,19,3
10,68.90952840207144,0,3,7,13,14,19,3
10,4.477079682364314,0,3,7,14,0,0,2
10,68.90952840207144,0,3,7,14,14,19,3
10,51.3002189229587,0,3,8,10,15,19,3
10,68.48295535002943,0,3,8,11,15,19,3
10,110.70509144613423,0,3,8,12,15,19,3
10,2094.7870913255706,0,3,8,13,15,19,3
10,156.90214098375208,0,3,8,14,15,19,3
10,23.316236512014424,0,3,8,15,0,0,2
10,156.90214098375208,0,3,8,15,15,19,3
10,839.8522020130201,0,3,9,11,16,19,3
10,1357.6504452804495,0,3,9,12,16,19,3
10,25689.772621611515,0,3,9,13,16,19,3
10,1924.195705810828,0,3,9,14,16,19,3
10,4401.120679557207,0,3,9,15,16,19,3
10,2260.2429789231833,0,3,9,16,0,0,2
10,4401.120679557207,0,3,9,16,16,19,3
10,7.049281730496913,0,3,10,12,17,19,3
10,133.38812315915192,0,3,10,13,17,19,3
10,9.990935208709738,0,3,10,14,17,19,3
10,22.851787592281223,0,3,10,15,17,19,3
10,78.973693163455,0,3,10,16,17,19,3
10,78.973693163455,0,3,10,17,0,0,2
10,78.973693163455,0,3,10,17,17,19,3
10,84.07483935927031,0,3,11,13,18,19,3
10,6.297309331798007,0,3,11,14,18,19,3
10,14.40353402829471,0,3,11,15,18,19,3
10,49.77729957564232,0,3,11,16,18,19,3
10,96.92581929366084,0,3,11,17,18,19,3
10,96.92581929366084,0,3,11,18,0,0,2
10,96.92581929366084,0,3,11,18,18,19,3
10,4.717281047461246,0,3,12,14,19,19,3
10,10.789611008157028,0,3,12,15,19,19,3
10,37.287911314169875,0,3,12,16,19,19,3
10,72.60661756837868,0,3,12,17,19,19,3
10,72.60661756837868,0,3,12,18,19,19,3
10,72.60661756837868,0,3,12,19,0,0,2
10,72.60661756837868,0,3,12,19,19,19,3
10,15.21893900821622,0,4,6,8,12,19,3
10,848.1354297480855,0,4,6,9,12,19,3
10,691.0479341634098,0,4,6,10,12,19,3
10,922.5107770224976,0,4,6,11,12,19,3
10,42.28883488578381,0,4,6,12,0,0,2
10,922.5107770224976,0,4,6,12,12,19,3
10,39.19114336859445,0,4,7,9,13,19,3
10,31.93235150005876,0,4,7,10,13,19,3
10,42.62792338730714,0,4,7,11,13,19,3
10,68.90952840207144,0,4,7,12,13,19,3
10,59.773108681952024,0,4,7,13,0,0,2
10,68.90952840207144,0,4,7,13,13,19,3
10,3.842449772236266,0,4,8,10,14,19,3
10,5.129457957712948,0,4,8,11,14,19,3
10,8.291948111399208,0,4,8,12,14,19,3
10,156.90214098375208,0,4,8,13,14,19,3
10,10.1939949932483,0,4,8,14,0,0,2
10,156.90214098375208,0,4,8,14,14,19,3
10,1920.9537173837523,0,4,9,11,15,19,3
10,3105.2888395341224,0,4,9,12,15,19,3
10,58758.98651922923,0,4,9,13,15,19,3
10,4401.120679557207,0,4,9,14,15,19,3
10,654.0227560890972,0,4,9,15,0,0,2
10,4401.120679557207,0,4,9,15,15,19,3
10,24.36167455867018,0,4,10,12,16,19,3
10,460.9771847160965,0,4,10,13,16,19,3
10,34.5277606140149,0,4,10,14,16,19,3
10,78.973693163455,0,4,10,15,16,19,3
10,40.55779163735435,0,4,10,16,0,0,2
10,78.973693163455,0,4,10,16,16,19,3
10,163.70961776455587,0,4,11,13,17,19,3
10,12.262052613011024,0,4,11,14,17,19,3
10,28.04640565716288,0,4,11,15,17,19,3
10,96.92581929366084,0,4,11,16,17,19,3
10,96.92581929366084,0,4,11,17,0,0,2
10,96.92581929366084,0,4,11,17,17,19,3
10,4.717281047461246,0,4,12,14,18,19,3
10,10.789611008157028,0,4,12,15,18,19,3
10,37.287911314169875,0,4,12,16,18,19,3
10,72.60661756837868,0,4,12,17,18,19,3
10,72.60661756837868,0,4,12,18,0,0,2
10,72.60661756837868,0,4,12,18,18,19,3
10,6.674529953984388,0,4,13,15,19,19,3
10,23.066566607432417,0,4,13,16,19,19,3
10,44.91496898741384,0,4,13,17,19,19,3
10,44.91496898741384,0,4,13,18,19,19,3
10,44.91496898741384,0,4,13,19,0,0,2
10,44.91496898741384,0,4,13,19,19,19,3
10,63.353853354065855,0,5,7,9,12,19,3
10,51.61976253559253,0,5,7,10,12,19,3
10,68.90952840207144,0,5,7,11,12,19,3
10,3.158883062654298,0,5,7,12,0,0,2
10,68.90952840207144,0,5,7,12,12,19,3
10,72.7077144944492,0,5,8,10,13,19,3
10,97.06077809928524,0,5,8,11,13,19,3
10,156.90214098375208,0,5,8,12,13,19,3
10,136.09915700962554,0,5,8,13,0,0,2
10,156.90214098375208,0,5,8,13,13,19,3
10,143.88180652644857,0,5,9,11,14,19,3
10,232.5899702711738,0,5,9,12,14,19,3
10,4401.120679557207,0,5,9,13,14,19,3
10,285.9425747207222,0,5,9,14,0,0,2
10,4401.120679557207,0,5,9,14,14,19,3
10,55.72129142842344,0,5,10,12,15,19,3
10,1054.3710363406933,0,5,10,13,15,19,3
10,78.973693163455,0,5,10,14,15,19,3
10,11.73578191145942,0,5,10,15,0,0,2
10,78.973693163455,0,5,10,15,15,19,3
10,565.7655038598188,0,5,11,13,16,19,3
10,42.376535170542574,0,5,11,14,16,19,3
10,96.92581929366084,0,5,11,15,16,19,3
10,49.77729957564232,0,5,11,16,0,0,2
10,96.92581929366084,0,5,11,16,16,19,3
10,9.18543862888407,0,5,12,14,17,19,3
10,21.00941384408209,0,5,12,15,17,19,3
10,72.60661756837868,0,5,12,16,17,19,3
10,72.60661756837868,0,5,12,17,0,0,2
10,72.60661756837868,0,5,12,17,17,19,3
10,6.674529953984388,0,5,13,15,18,19,3
10,23.066566607432417,0,5,13,16,18,19,3
10,44.91496898741384,0,5,13,17,18,19,3
10,44.91496898741384,0,5,13,18,0,0,2
10,44.91496898741384,0,5,13,18,18,19,3
10,1.2190195252770304,0,5,14,16,19,19,3
10,2.373661633510197,0,5,14,17,19,19,3
10,2.373661633510197,0,5,14,18,19,19,3
10,2.373661633510197,0,5,14,19,0,0,2
10,2.373661633510197,0,5,14,19,19,19,3
10,1573.4674566337444,0,6,8,10,12,19,3
10,2100.4920415485485,0,6,8,11,12,19,3
10,96.28869747261842,0,6,8,12,0,0,2
10,2100.4920415485485,0,6,8,12,12,19,3
10,36447.71837355788,0,6,9,11,13,19,3
10,58919.010941106266,0,6,9,12,13,19,3
10,51107.19121261614,0,6,9,13,0,0,2
10,58919.010941106266,0,6,9,13,13,19,3
10,55.87304298125455,0,6,10,12,14,19,3
10,1057.2425139738066,0,6,10,13,14,19,3
10,68.68946992389539,0,6,10,14,0,0,2
10,1057.2425139738066,0,6,10,14,14,19,3
10,17323.78043010469,0,6,11,13,15,19,3
10,1297.5725555458837,0,6,11,14,15,19,3
10,192.82406477639955,0,6,11,15,0,0,2
10,1297.5725555458837,0,6,11,15,15,19,3
10,424.9661514985248,0,6,12,14,16,19,3
10,972.004724791688,0,6,12,15,16,19,3
10,499.1835068043635,0,6,12,16,0,0,2
10,972.004724791688,0,6,12,16,16,19,3
10,173.98868486825316,0,6,13,15,17,19,3
10,601.2890220168032,0,6,13,16,17,19,3
10,601.2890220168032,0,6,13,17,0,0,2
10,601.2890220168032,0,6,13,17,17,19,3
10,16.319349087797676,0,6,14,16,18,19,3
10,31.7768600176948,0,6,14,17,18,19,3
10,31.7768600176948,0,6,14,18,0,0,2
10,31.7768600176948,0,6,14,18,18,19,3
10,424.2501456676748,0,6,15,17,19,19,3
10,424.2501456676748,0,6,15,18,19,19,3
10,424.2501456676748,0,6,15,19,0,0,2
10,424.2501456676748,0,6,15,19,19,19,3
10,25876.519162912864,0,7,9,11,12,19,3
10,1186.2060298430051,0,7,9,12,0,0,2
10,25876.519162912864,0,7,9,12,12,19,3
10,464.32816396112577,0,7,10,12,13,19,3
10,402.76487812540785,0,7,10,13,0,0,2
10,464.32816396112577,0,7,10,13,13,19,3
10,569.8782203322313,0,7,11,13,14,19,3
10,37.025216408166166,0,7,11,14,0,0,2
10,569.8782203322313,0,7,11,14,14,19,3
10,426.8927547452433,0,7,12,14,15,19,3
10,63.43783693771387,0,7,12,15,0,0,2
10,426.8927547452433,0,7,12,15,15,19,3
10,264.0788881575004,0,7,13,15,16,19,3
10,135.62056037506375,0,7,13,16,0,0,2
10,264.0788881575004,0,7,13,16,16,19,3
10,13.956013756018436,0,7,14,16,17,19,3
10,13.956013756018436,0,7,14,17,0,0,2
10,13.956013756018436,0,7,14,17,17,19,3
10,186.32554839068104,0,7,15,17,18,19,3
10,186.32554839068104,0,7,15,18,0,0,2
10,186.32554839068104,0,7,15,18,18,19,3
10,81.46261968264567,0,7,16,18,19,19,3
10,81.46261968264567,0,7,16,19,0,0,2
10,81.46261968264567,0,7,16,19,19,19,3
10,0.7588306964684054,0,8,10,12,0,0,2
10,16.55352996407381,0,8,10,12,12,19,3
10,17.622771796651882,0,8,11,13,0,0,2
10,20.316441965670695,0,8,11,13,13,19,3
10,0.9887805678086516,0,8,12,14,0,0,2
10,15.21893900821622,0,8,12,14,14,19,3
10,1.3990358961775973,0,8,13,15,0,0,2
10,9.414543694059583,0,8,13,15,15,19,3
10,0.2555164312336126,0,8,14,16,0,0,2
10,0.4975388309820875,0,8,14,16,16,19,3
10,6.64259846321932,0,8,15,17,0,0,2
10,6.64259846321932,0,8,15,17,17,19,3
10,2.9041829045319796,0,8,16,18,0,0,2
10,2.9041829045319796,0,8,16,18,18,19,3
10,0.8403528846769173,0,8,17,19,0,0,2
10,0.8403528846769173,0,8,17,19,19,19,3
10,51.901839765747354,0,9,11,12,0,0,2
10,735.6847796657177,0,9,12,13,0,0,2
10,34.08753922813713,0,9,13,14,0,0,2
10,4.120381160682908,0,9,14,15,0,0,2
10,190.1125037577078,0,9,15,16,0,0,2
10,161.8470521810032,0,9,16,17,0,0,2
10,46.83198050801828,0,9,17,18,0,0,2
10,24.051068543515857,0,9,18,19,0,0,2
10,19.596447275355345,0,10,0,0,0,0,1
10,31.678342100588537,0,10,12,12,0,0,2
10,370.8084628450035,0,10,13,13,0,0,2
10,1.4677981098464732,0,10,14,14,0,0,2
10,44.822015291358355,0,10,15,15,0,0,2
10,67.72353401098825,0,10,16,16,0,0,2
10,38.15799016020315,0,10,17,17,0,0,2
10,19.596447275355345,0,10,18,18,0,0,2
10,19.596447275355345,0,10,19,19,0,0,2
10,44.91496898741384,1,1,3,5,13,19,3
10,601.2890220168032,1,1,3,6,13,19,3
10,264.0788881575004,1,1,3,7,13,19,3
10,9.414543694059583,1,1,3,8,13,19,3
10,524.6625968822533,1,1,3,9,13,19,3
10,427.4871571111957,1,1,3,10,13,19,3
10,570.6717146202113,1,1,3,11,13,19,3
10,922.5107770224976,1,1,3,12,13,19,3
10,800.1990176670581,1,1,3,13,0,0,2
10,922.5107770224976,1,1,3,13,13,19,3
10,15.433541894752471,1,1,4,6,14,19,3
10,6.778225503316348,1,1,4,7,14,19,3
10,0.2416471101283236,1,1,4,8,14,19,3
10,13.466738744758947,1,1,4,9,14,19,3
10,10.972495267941058,1,1,4,10,14,19,3
10,14.647674401571123,1,1,4,11,14,19,3
10,23.67847774400165,1,1,4,12,14,19,3
10,448.04957813985527,1,1,4,13,14,19,3
10,29.109960690451487,1,1,4,14,0,0,2
10,448.04957813985527,1,1,4,14,14,19,3
10,90.49551011487624,1,1,5,7,15,19,3
10,3.2262099406620632,1,1,5,8,15,19,3
10,179.79327947918983,1,1,5,9,15,19,3
10,146.49284772534804,1,1,5,10,15,19,3
10,195.55985063026432,1,1,5,11,15,19,3
10,316.129335198243,1,1,5,12,15,19,3
10,5981.871672856465,1,1,5,13,15,19,3
10,448.04957813985527,1,1,5,14,15,19,3
10,66.58181888097356,1,1,5,15,0,0,2
10,448.04957813985527,1,1,5,15,15,19,3
10,1.4105178580312656,1,1,6,8,16,19,3
10,78.60667350351083,1,1,6,9,16,19,3
10,64.04752994718461,1,1,6,10,16,19,3
10,85.49991063858306,1,1,6,11,16,19,3
10,138.21359457257384,1,1,6,12,16,19,3
10,2615.3092868109816,1,1,6,13,16,19,3
10,195.88989646468855,1,1,6,14,16,19,3
10,448.04957813985527,1,1,6,15,16,19,3
10,230.1006918315153,1,1,6,16,0,0,2
10,448.04957813985527,1,1,6,16,16,19,3
10,1.6990453774757444,1,1,7,9,17,19,3
10,1.3843565036579653,1,1,7,10,17,19,3
10,1.848039377198499,1,1,7,11,17,19,3
10,2.987420259583306,1,1,7,12,17,19,3
10,56.52865025801059,1,1,7,13,17,19,3
10,4.234065738294685,1,1,7,14,17,19,3
10,9.684375774844098,1,1,7,15,17,19,3
10,33.468319177816525,1,1,7,16,17,19,3
10,33.468319177816525,1,1,7,17,0,0,2
10,33.468319177816525,1,1,7,17,17,19,3
10,1.618785810913581,1,1,8,10,18,19,3
10,2.1609895383982938,1,1,8,11,18,19,3
10,3.493315135711644,1,1,8,12,18,19,3
10,66.10130895182536,1,1,8,13,18,19,3
10,4.951069700265744,1,1,8,14,18,19,3
10,11.324344596531876,1,1,8,15,18,19,3
10,39.13590181215495,1,1,8,16,18,19,3
10,76.20500467637982,1,1,8,17,18,19,3
10,76.20500467637982,1,1,8,18,0,0,2
10,76.20500467637982,1,1,8,18,18,19,3
10,60.615971752332065,1,1,9,11,19,19,3
10,97.98783743545503,1,1,9,12,19,19,3
10,1854.1482987399472,1,1,9,13,19,19,3
10,138.8779981404153,1,1,9,14,19,19,3
10,317.64899365770674,1,1,9,15,19,19,3
10,1097.7659431456211,1,1,9,16,19,19,3
10,2137.557969981428,1,1,9,17,19,19,3
10,2137.557969981428,1,1,9,18,19,19,3
10,2137.557969981428,1,1,9,19,0,0,2
10,2137.557969981428,1,1,9,19,19,19,3
10,292.0370139461085,1,2,4,6,13,19,3
10,128.25913515775062,1,2,4,7,13,19,3
10,4.572501953979623,1,2,4,8,13,19,3
10,254.8207143526104,1,2,4,9,13,19,3
10,207.62406811341387,1,2,4,10,13,19,3
10,277.16664927991184,1,2,4,11,13,19,3
10,448.04957813985527,1,2,4,12,13,19,3
10,388.6446003924654,1,2,4,13,0,0,2
10,448.04957813985527,1,2,4,13,13,19,3
10,6.778225503316348,1,2,5,7,14,19,3
10,0.2416471101283236,1,2,5,8,14,19,3
10,13.466738744758947,1,2,5,9,14,19,3
10,10.972495267941058,1,2,5,10,14,19,3
10,14.647674401571123,1,2,5,11,14,19,3
10,23.67847774400165,1,2,5,12,14,19,3
10,448.04957813985527,1,2,5,13,14,19,3
10,29.109960690451487,1,2,5,14,0,0,2
10,448.04957813985527,1,2,5,14,14,19,3
10,3.2262099406620632,1,2,6,8,15,19,3
10,179.79327947918983,1,2,6,9,15,19,3
10,146.49284772534804,1,2,6,10,15,19,3
10,195.55985063026432,1,2,6,11,15,19,3
10,316.129335198243,1,2,6,12,15,19,3
10,5981.871672856465,1,2,6,13,15,19,3
10,448.04957813985527,1,2,6,14,15,19,3
10,66.58181888097356,1,2,6,15,0,0,2
10,448.04957813985527,1,2,6,15,15,19,3
10,5.871745821621355,1,2,7,9,16,19,3
10,4.78420978259249,1,2,7,10,16,19,3
10,6.3866554920261,1,2,7,11,16,19,3
10,10.32425187648391,1,2,7,12,16,19,3
10,195.35785821535953,1,2,7,13,16,19,3
10,14.632544920158786,1,2,7,14,16,19,3
10,33.468319177816525,1,2,7,15,16,19,3
10,17.188016177195696,1,2,7,16,0,0,2
10,33.468319177816525,1,2,7,16,16,19,3
10,3.1520822206379653,1,2,8,10,17,19,3
10,4.207855453789583,1,2,8,11,17,19,3
10,6.802145445139439,1,2,8,12,17,19,3
10,128.71175377448944,1,2,8,13,17,19,3
10,9.64066936473792,1,2,8,14,17,19,3
10,22.05064130316333,1,2,8,15,17,19,3
10,76.20500467637982,1,2,8,16,17,19,3
10,76.20500467637982,1,2,8,17,0,0,2
10,76.20500467637982,1,2,8,17,17,19,3
10,60.615971752332065,1,2,9,11,18,19,3
10,97.98783743545503,1,2,9,12,18,19,3
10,1854.1482987399472,1,2,9,13,18,19,3
10,138.8779981404153,1,2,9,14,18,19,3
10,317.64899365770674,1,2,9,15,18,19,3
10,1097.7659431456211,1,2,9,16,18,19,3
10,2137.557969981428,1,2,9,17,18,19,3
10,2137.557969981428,1,2,9,18,0,0,2
10,2137.557969981428,1,2,9,18,18,19,3
10,1.7582933917996273,1,2,10,12,19,19,3
10,33.27083020113013,1,2,10,13,19,19,3
10,2.492026283950811,1,2,10,14,19,19,3
10,5.699892364989143,1,2,10,15,19,19,3
10,19.698308015492813,1,2,10,16,19,19,3
10,38.35633229157326,1,2,10,17,19,19,3
10,38.35633229157326,1,2,10,18,19,19,3
10,38.35633229157326,1,2,10,19,0,0,2
10,38.35633229157326,1,2,10,19,19,19,3
10,264.0788881575004,1,3,5,7,13,19,3
10,9.414543694059583,1,3,5,8,13,19,3
10,524.6625968822533,1,3,5,9,13,19,3
10,427.4871571111957,1,3,5,10,13,19,3
10,570.6717146202113,1,3,5,11,13,19,3
10,922.5107770224976,1,3,5,12,13,19,3
10,800.1990176670581,1,3,5,13,0,0,2
10,922.5107770224976,1,3,5,13,13,19,3
10,0.4975388309820875,1,3,6,8,14,19,3
10,27.727314631035668,1,3,6,9,14,19,3
10,22.59179704515739,1,3,6,10,14,19,3
10,30.158799724498515,1,3,6,11,14,19,3
10,48.75275408809909,1,3,6,12,14,19,3
10,922.5107770224976,1,3,6,13,14,19,3
10,59.93589496754409,1,3,6,14,0,0,2
10,922.5107770224976,1,3,6,14,14,19,3
10,27.65200706182903,1,3,7,9,15,19,3
10,22.530437575547037,1,3,7,10,15,19,3
10,30.07688822575933,1,3,7,11,15,19,3
10,48.62034128681061,1,3,7,12,15,19,3
10,920.0052316745654,1,3,7,13,15,19,3
10,68.90952840207144,1,3,7,14,15,19,3
10,10.240209930089188,1,3,7,15,0,0,2
10,68.90952840207144,1,3,7,15,15,19,3
10,22.428755797862745,1,3,8,10,16,19,3
10,29.941148675572965,1,3,8,11,16,19,3
10,48.40091355856159,1,3,8,12,16,19,3
10,915.8531699526472,1,3,8,13,16,19,3
10,68.59853384975479,1,3,8,14,16,19,3
10,156.90214098375208,1,3,8,15,16,19,3
10,80.5787862586445,1,3,8,16,0,0,2
10,156.90214098375208,1,3,8,16,16,19,3
10,243.0192050103126,1,3,9,11,17,19,3
10,392.8490407039934,1,3,9,12,17,19,3
10,7433.579508913329,1,3,9,13,17,19,3
10,556.7842884612163,1,3,9,14,17,19,3
10,1273.5060361059325,1,3,9,15,17,19,3
10,4401.120679557207,1,3,9,16,17,19,3
10,4401.120679557207,1,3,9,17,0,0,2
10,4401.120679557207,1,3,9,17,17,19,3
10,3.620234639739554,1,3,10,12,18,19,3
10,68.5029088710529,1,3,10,13,18,19,3
10,5.130952501087639,1,3,10,14,18,19,3
10,11.73578191145942,1,3,10,15,18,19,3
10,40.55779163735435,1,3,10,16,18,19,3
10,78.973693163455,1,3,10,17,18,19,3
10,78.973693163455,1,3,10,18,0,0,2
10,78.973693163455,1,3,10,18,18,19,3
10,84.07483935927031,1,3,11,13,19,19,3
10,6.297309331798007,1,3,11,14,19,19,3
10,14.40353402829471,1,3,11,15,19,19,3
10,49.77729957564232,1,3,11,16,19,19,3
10,96.92581929366084,1,3,11,17,19,19,3
10,96.92581929366084,1,3,11,18,19,19,3
10,96.92581929366084,1,3,11,19,0,0,2
10,96.92581929366084,1,3,11,19,19,19,3
10,9.414543694059583,1,4,6,8,13,19,3
10,524.6625968822533,1,4,6,9,13,19,3
10,427.4871571111957,1,4,6,10,13,19,3
10,570.6717146202113,1,4,6,11,13,19,3
10,922.5107770224976,1,4,6,12,13,19,3
10,800.1990176670581,1,4,6,13,0,0,2
10,922.5107770224976,1,4,6,13,13,19,3
10,2.071169489474618,1,4,7,9,14,19,3
10,1.6875576079033054,1,4,7,10,14,19,3
10,2.252796084285778,1,4,7,11,14,19,3
10,3.641723626640231,1,4,7,12,14,19,3
10,68.90952840207144,1,4,7,13,14,19,3
10,4.477079682364314,1,4,7,14,0,0,2
10,68.90952840207144,1,4,7,14,14,19,3
10,51.3002189229587,1,4,8,10,15,19,3
10,68.48295535002943,1,4,8,11,15,19,3
10,110.70509144613423,1,4,8,12,15,19,3
10,2094.7870913255706,1,4,8,13,15,19,3
10,156.90214098375208,1,4,8,14,15,19,3
10,23.316236512014424,1,4,8,15,0,0,2
10,156.90214098375208,1,4,8,15,15,19,3
10,839.8522020130201,1,4,9,11,16,19,3
10,1357.6504452804495,1,4,9,12,16,19,3
10,25689.772621611515,1,4,9,13,16,19,3
10,1924.195705810828,1,4,9,14,16,19,3
10,4401.120679557207,1,4,9,15,16,19,3
10,2260.2429789231833,1,4,9,16,0,0,2
10,4401.120679557207,1,4,9,16,16,19,3
10,7.049281730496913,1,4,10,12,17,19,3
10,133.38812315915192,1,4,10,13,17,19,3
10,9.990935208709738,1,4,10,14,17,19,3
10,22.851787592281223,1,4,10,15,17,19,3
10,78.973693163455,1,4,10,16,17,19,3
10,78.973693163455,1,4,10,17,0,0,2
10,78.973693163455,1,4,10,17,17,19,3
10,84.07483935927031,1,4,11,13,18,19,3
10,6.297309331798007,1,4,11,14,18,19,3
10,14.40353402829471,1,4,11,15,18,19,3
10,49.77729957564232,1,4,11,16,18,19,3
10,96.92581929366084,1,4,11,17,18,19,3
10,96.92581929366084,1,4,11,18,0,0,2
10,96.92581929366084,1,4,11,18,18,19,3
10,4.717281047461246,1,4,12,14,19,19,3
10,10.789611008157028,1,4,12,15,19,19,3
10,37.287911314169875,1,4,12,16,19,19,3
10,72.60661756837868,1,4,12,17,19,19,3
10,72.60661756837868,1,4,12,18,19,19,3
10,72.60661756837868,1,4,12,19,0,0,2
10,72.60661756837868,1,4,12,19,19,19,3
10,39.19114336859445,1,5,7,9,13,19,3
10,31.93235150005876,1,5,7,10,13,19,3
10,42.62792338730714,1,5,7,11,13,19,3
10,68.90952840207144,1,5,7,12,13,19,3
10,59.773108681952024,1,5,7,13,0,0,2
10,68.90952840207144,1,5,7,13,13,19,3
10,3.842449772236266,1,5,8,10,14,19,3
10,5.129457957712948,1,5,8,11,14,19,3
10,8.291948111399208,1,5,8,12,14,19,3
10,156.90214098375208,1,5,8,13,14,19,3
10,10.1939949932483,1,5,8,14,0,0,2
10,156.90214098375208,1,5,8,14,14,19,3
10,1920.9537173837523,1,5,9,11,15,19,3
10,3105.2888395341224,1,5,9,12,15,19,3
10,58758.98651922923,1,5,9,13,15,19,3
10,4401.120679557207,1,5,9,14,15,19,3
10,654.0227560890972,1,5,9,15,0,0,2
10,4401.120679557207,1,5,9,15,15,19,3
10,24.36167455867018,1,5,10,12,16,19,3
10,460.9771847160965,1,5,10,13,16,19,3
10,34.5277606140149,1,5,10,14,16,19,3
10,78.973693163455,1,5,10,15,16,19,3
10,40.55779163735435,1,5,10,16,0,0,2
10,78.973693163455,1,5,10,16,16,19,3
10,163.70961776455587,1,5,11,13,17,19,3
10,12.262052613011024,1,5,11,14,17,19,3
10,28.04640565716288,1,5,11,15,17,19,3
10,96.92581929366084,1,5,11,16,17,19,3
10,96.92581929366084,1,5,11,17,0,0,2
10,96.92581929366084,1,5,11,17,17,19,3
10,4.717281047461246,1,5,12,14,18,19,3
10,10.789611008157028,1,5,12,15,18,19,3
10,37.287911314169875,1,5,12,16,18,19,3
10,72.60661756837868,1,5,12,17,18,19,3
10,72.60661756837868,1,5,12,18,0,0,2
10,72.60661756837868,1,5,12,18,18,19,3
10,6.674529953984388,1,5,13,15,19,19,3
10,23.066566607432417,1,5,13,16,19,19,3
10,44.91496898741384,1,5,13,17,19,19,3
10,44.91496898741384,1,5,13,18,19,19,3
10,44.91496898741384,1,5,13,19,0,0,2
10,44.91496898741384,1,5,13,19,19,19,3
10,973.3581370989044,1,6,8,10,13,19,3
10,1299.379286132053,1,6,8,11,13,19,3
10,2100.4920415485485,1,6,8,12,13,19,3
10,1821.996783267532,1,6,8,13,0,0,2
10,2100.4920415485485,1,6,8,13,13,19,3
10,1926.1852492103965,1,6,9,11,14,19,3
10,3113.745793623089,1,6,9,12,14,19,3
10,58919.010941106266,1,6,9,13,14,19,3
10,3827.99175827037,1,6,9,14,0,0,2
10,58919.010941106266,1,6,9,14,14,19,3
10,745.9562275975019,1,6,10,12,15,19,3
10,14115.154559313947,1,6,10,13,15,19,3
10,1057.2425139738066,1,6,10,14,15,19,3
10,157.11013471079832,1,6,10,15,0,0,2
10,1057.2425139738066,1,6,10,15,15,19,3
10,7574.058140884889,1,6,11,13,16,19,3
10,567.3063115393983,1,6,11,14,16,19,3
10,1297.5725555458837,1,6,11,15,16,19,3
10,666.3823766384565,1,6,11,16,0,0,2
10,1297.5725555458837,1,6,11,16,16,19,3
10,122.96798894606287,1,6,12,14,17,19,3
10,281.2587916290084,1,6,12,15,17,19,3
10,972.004724791688,1,6,12,16,17,19,3
10,972.004724791688,1,6,12,17,0,0,2
10,972.004724791688,1,6,12,17,17,19,3
10,89.35376510173586,1,6,13,15,18,19,3
10,308.79846049888295,1,6,13,16,18,19,3
10,601.2890220168032,1,6,13,17,18,19,3
10,601.2890220168032,1,6,13,18,0,0,2
10,601.2890220168032,1,6,13,18,18,19,3
10,16.319349087797676,1,6,14,16,19,19,3
10,31.7768600176948,1,6,14,17,19,19,3
10,31.7768600176948,1,6,14,18,19,19,3
10,31.7768600176948,1,6,14,19,0,0,2
10,31.7768600176948,1,6,14,19,19,19,3
10,16007.398424942288,1,7,9,11,13,19,3
10,25876.519162912864,1,7,9,12,13,19,3
10,22445.66213268282,1,7,9,13,0,0,2
10,25876.519162912864,1,7,9,13,13,19,3
10,24.538766763071923,1,7,10,12,14,19,3
10,464.32816396112577,1,7,10,13,14,19,3
10,30.16758693645906,1,7,10,14,0,0,2
10,464.32816396112577,1,7,10,14,14,19,3
10,7608.395475643447,1,7,11,13,15,19,3
10,569.8782203322313,1,7,11,14,15,19,3
10,84.68600418708206,1,7,11,15,0,0,2
10,569.8782203322313,1,7,11,15,15,19,3
10,186.640009518029,1,7,12,14,16,19,3
10,426.8927547452433,1,7,12,15,16,19,3
10,219.23537705927816,1,7,12,16,0,0,2
10,426.8927547452433,1,7,12,16,16,19,3
10,76.41373244747184,1,7,13,15,17,19,3
10,264.0788881575004,1,7,13,16,17,19,3
10,264.0788881575004,1,7,13,17,0,0,2
10,264.0788881575004,1,7,13,17,17,19,3
10,7.167261341483959,1,7,14,16,18,19,3
10,13.956013756018436,1,7,14,17,18,19,3
10,13.956013756018436,1,7,14,18,0,0,2
10,13.956013756018436,1,7,14,18,18,19,3
10,186.32554839068104,1,7,15,17,19,19,3
10,186.32554839068104,1,7,15,18,19,19,3
10,186.32554839068104,1,7,15,19,0,0,2
10,186.32554839068104,1,7,15,19,19,19,3
10,16.55352996407381,1,8,10,12,13,19,3
10,14.358768207486248,1,8,10,13,0,0,2
10,16.55352996407381,1,8,10,13,13,19,3
10,20.316441965670695,1,8,11,13,14,19,3
10,1.319967378266136,1,8,11,14,0,0,2
10,20.316441965670695,1,8,11,14,14,19,3
10,15.21893900821622,1,8,12,14,15,19,3
10,2.261590435622149,1,8,12,15,0,0,2
10,15.21893900821622,1,8,12,15,15,19,3
10,9.414543694059583,1,8,13,15,16,19,3
10,4.8349404239477805,1,8,13,16,0,0,2
10,9.414543694059583,1,8,13,16,16,19,3
10,0.4975388309820875,1,8,14,16,17,19,3
10,0.4975388309820875,1,8,14,17,0,0,2
10,0.4975388309820875,1,8,14,17,17,19,3
10,6.64259846321932,1,8,15,17,18,19,3
10,6.64259846321932,1,8,15,18,0,0,2
10,6.64259846321932,1,8,15,18,18,19,3
10,2.9041829045319796,1,8,16,18,19,19,3
10,2.9041829045319796,1,8,16,19,0,0,2
10,2.9041829045319796,1,8,16,19,19,19,3
10,982.0984973418084,1,9,11,13,0,0,2
10,1132.213896658868,1,9,11,13,13,19,3
10,55.10369884209425,1,9,12,14,0,0,2
10,848.1354297480855,1,9,12,14,14,19,3
10,77.96679587170907,1,9,13,15,0,0,2
10,524.6625968822533,1,9,13,15,15,19,3
10,14.23966139131126,1,9,14,16,0,0,2
10,27.727314631035668,1,9,14,16,16,19,3
10,370.18501087394947,1,9,15,17,0,0,2
10,370.18501087394947,1,9,15,17,17,19,3
10,161.8470521810032,1,9,16,18,0,0,2
10,161.8470521810032,1,9,16,18,18,19,3
10,46.83198050801828,1,9,17,19,0,0,2
10,46.83198050801828,1,9,17,19,19,19,3
10,599.4248434291459,1,10,12,13,0,0,2
10,27.77401195386336,1,10,13,14,0,0,2
10,3.357224317231377,1,10,14,15,0,0,2
10,154.90079576019988,1,10,15,16,0,0,2
10,131.87053286211605,1,10,16,17,0,0,2
10,38.15799016020315,1,10,17,18,0,0,2
10,19.596447275355345,1,10,18,19,0,0,2
10,26.16017342523976,1,11,0,0,0,0,1
10,495.00879211770115,1,11,13,13,0,0,2
10,1.9594293071230473,1,11,14,14,0,0,2
10,59.83491174776842,1,11,15,15,0,0,2
10,90.40717278001868,1,11,16,16,0,0,2
10,50.93880671956677,1,11,17,17,0,0,2
10,26.16017342523976,1,11,18,18,0,0,2
10,26.16017342523976,1,11,19,19,0,0,2
10,15.433541894752471,2,2,4,6,14,19,3
10,6.778225503316348,2,2,4,7,14,19,3
10,0.2416471101283236,2,2,4,8,14,19,3
10,13.466738744758947,2,2,4,9,14,19,3
10,10.972495267941058,2,2,4,10,14,19,3
10,14.647674401571123,2,2,4,11,14,19,3
10,23.67847774400165,2,2,4,12,14,19,3
10,448.04957813985527,2,2,4,13,14,19,3
10,29.109960690451487,2,2,4,14,0,0,2
10,448.04957813985527,2,2,4,14,14,19,3
10,90.49551011487624,2,2,5,7,15,19,3
10,3.2262099406620632,2,2,5,8,15,19,3
10,179.79327947918983,2,2,5,9,15,19,3
10,146.49284772534804,2,2,5,10,15,19,3
10,195.55985063026432,2,2,5,11,15,19,3
10,316.129335198243,2,2,5,12,15,19,3
10,5981.871672856465,2,2,5,13,15,19,3
10,448.04957813985527,2,2,5,14,15,19,3
10,66.58181888097356,2,2,5,15,0,0,2
10,448.04957813985527,2,2,5,15,15,19,3
10,1.4105178580312656,2,2,6,8,16,19,3
10,78.60667350351083,2,2,6,9,16,19,3
10,64.04752994718461,2,2,6,10,16,19,3
10,85.49991063858306,2,2,6,11,16,19,3
10,138.21359457257384,2,2,6,12,16,19,3
10,2615.3092868109816,2,2,6,13,16,19,3
10,195.88989646468855,2,2,6,14,16,19,3
10,448.04957813985527,2,2,6,15,16,19,3
10,230.1006918315153,2,2,6,16,0,0,2
10,448.04957813985527,2,2,6,16,16,19,3
10,1.6990453774757444,2,2,7,9,17,19,3
10,1.3843565036579653,2,2,7,10,17,19,3
10,1.848039377198499,2,2,7,11,17,19,3
10,2.987420259583306,2,2,7,12,17,19,3
10,56.52865025801059,2,2,7,13,17,19,3
10,4.234065738294685,2,2,7,14,17,19,3
10,9.684375774844098,2,2,7,15,17,19,3
10,33.468319177816525,2,2,7,16,17,19,3
10,33.468319177816525,2,2,7,17,0,0,2
10,33.468319177816525,2,2,7,17,17,19,3
10,1.618785810913581,2,2,8,10,18,19,3
10,2.1609895383982938,2,2,8,11,18,19,3
10,3.493315135711644,2,2,8,12,18,19,3
10,66.10130895182536,2,2,8,13,18,19,3
10,4.951069700265744,2,2,8,14,18,19,3
10,11.324344596531876,2,2,8,15,18,19,3
10,39.13590181215495,2,2,8,16,18,19,3
10,76.20500467637982,2,2,8,17,18,19,3
10,76.20500467637982,2,2,8,18,0,0,2
10,76.20500467637982,2,2,8,18,18,19,3
10,60.615971752332065,2,2,9,11,19,19,3
10,97.98783743545503,2,2,9,12,19,19,3
10,1854.1482987399472,2,2,9,13,19,19,3
10,138.8779981404153,2,2,9,14,19,19,3
10,317.64899365770674,2,2,9,15,19,19,3
10,1097.7659431456211,2,2,9,16,19,19,3
10,2137.557969981428,2,2,9,17,19,19,3
10,2137.557969981428,2,2,9,18,19,19,3
10,2137.557969981428,2,2,9,19,0,0,2
10,2137.557969981428,2,2,9,19,19,19,3
10,13.956013756018436,2,3,5,7,14,19,3
10,0.4975388309820875,2,3,5,8,14,19,3
10,27.727314631035668,2,3,5,9,14,19,3
10,22.59179704515739,2,3,5,10,14,19,3
10,30.158799724498515,2,3,5,11,14,19,3
10,48.75275408809909,2,3,5,12,14,19,3
10,922.5107770224976,2,3,5,13,14,19,3
10,59.93589496754409,2,3,5,14,0,0,2
10,922.5107770224976,2,3,5,14,14,19,3
10,6.64259846321932,2,3,6,8,15,19,3
10,370.18501087394947,2,3,6,9,15,19,3
10,301.621153945526,2,3,6,10,15,19,3
10,402.6475608085864,2,3,6,11,15,19,3
10,650.8938583629384,2,3,6,12,15,19,3
10,12316.362639790674,2,3,6,13,15,19,3
10,922.5107770224976,2,3,6,14,15,19,3
10,137.0885019610165,2,3,6,15,0,0,2
10,922.5107770224976,2,3,6,15,15,19,3
10,12.08961924006483,2,3,7,9,16,19,3
10,9.850439101630853,2,3,7,10,16,19,3
10,13.149791469472015,2,3,7,11,16,19,3
10,21.257097619179632,2,3,7,12,16,19,3
10,402.23166893251306,2,3,7,13,16,19,3
10,30.127648909199053,2,3,7,14,16,19,3
10,68.90952840207144,2,3,7,15,16,19,3
10,35.38923130991254,2,3,7,16,0,0,2
10,68.90952840207144,2,3,7,16,16,19,3
10,6.489973343288976,2,3,8,10,17,19,3
10,8.66375551649803,2,3,8,11,17,19,3
10,14.005263672086134,2,3,8,12,17,19,3
10,265.01080634734865,2,3,8,13,17,19,3
10,19.84963678261805,2,3,8,14,17,19,3
10,45.401123524941696,2,3,8,15,17,19,3
10,156.90214098375208,2,3,8,16,17,19,3
10,156.90214098375208,2,3,8,17,0,0,2
10,156.90214098375208,2,3,8,17,17,19,3
10,124.80513302428112,2,3,9,11,18,19,3
10,201.7518606459211,2,3,9,12,18,19,3
10,3817.594907435933,2,3,9,13,18,19,3
10,285.9425747207222,2,3,9,14,18,19,3
10,654.0227560890972,2,3,9,15,18,19,3
10,2260.2429789231833,2,3,9,16,18,19,3
10,4401.120679557207,2,3,9,17,18,19,3
10,4401.120679557207,2,3,9,18,0,0,2
10,4401.120679557207,2,3,9,18,18,19,3
10,3.620234639739554,2,3,10,12,19,19,3
10,68.5029088710529,2,3,10,13,19,19,3
10,5.130952501087639,2,3,10,14,19,19,3
10,11.73578191145942,2,3,10,15,19,19,3
10,40.55779163735435,2,3,10,16,19,19,3
10,78.973693163455,2,3,10,17,19,19,3
10,78.973693163455,2,3,10,18,19,19,3
10,78.973693163455,2,3,10,19,0,0,2
10,78.973693163455,2,3,10,19,19,19,3
10,0.4975388309820875,2,4,6,8,14,19,3
10,27.727314631035668,2,4,6,9,14,19,3
10,22.59179704515739,2,4,6,10,14,19,3
10,30.158799724498515,2,4,6,11,14,19,3
10,48.75275408809909,2,4,6,12,14,19,3
10,922.5107770224976,2,4,6,13,14,19,3
10,59.93589496754409,2,4,6,14,0,0,2
10,922.5107770224976,2,4,6,14,14,19,3
10,27.65200706182903,2,4,7,9,15,19,3
10,22.530437575547037,2,4,7,10,15,19,3
10,30.07688822575933,2,4,7,11,15,19,3
10,48.62034128681061,2,4,7,12,15,19,3
10,920.0052316745654,2,4,7,13,15,19,3
10,68.90952840207144,2,4,7,14,15,19,3
10,10.240209930089188,2,4,7,15,0,0,2
10,68.90952840207144,2,4,7,15,15,19,3
10,22.428755797862745,2,4,8,10,16,19,3
10,29.941148675572965,2,4,8,11,16,19,3
10,48.40091355856159,2,4,8,12,16,19,3
10,915.8531699526472,2,4,8,13,16,19,3
10,68.59853384975479,2,4,8,14,16,19,3
10,156.90214098375208,2,4,8,15,16,19,3
10,80.5787862586445,2,4,8,16,0,0,2
10,156.90214098375208,2,4,8,16,16,19,3
10,243.0192050103126,2,4,9,11,17,19,3
10,392.8490407039934,2,4,9,12,17,19,3
10,7433.579508913329,2,4,9,13,17,19,3
10,556.7842884612163,2,4,9,14,17,19,3
10,1273.5060361059325,2,4,9,15,17,19,3
10,4401.120679557207,2,4,9,16,17,19,3
10,4401.120679557207,2,4,9,17,0,0,2
10,4401.120679557207,2,4,9,17,17,19,3
10,3.620234639739554,2,4,10,12,18,19,3
10,68.5029088710529,2,4,10,13,18,19,3
10,5.130952501087639,2,4,10,14,18,19,3
10,11.73578191145942,2,4,10,15,18,19,3
10,40.55779163735435,2,4,10,16,18,19,3
10,78.973693163455,2,4,10,17,18,19,3
10,78.973693163455,2,4,10,18,0,0,2
10,78.973693163455,2,4,10,18,18,19,3
10,84.07483935927031,2,4,11,13,19,19,3
10,6.297309331798007,2,4,11,14,19,19,3
10,14.40353402829471,2,4,11,15,19,19,3
10,49.77729957564232,2,4,11,16,19,19,3
10,96.92581929366084,2,4,11,17,19,19,3
10,96.92581929366084,2,4,11,18,19,19,3
10,96.92581929366084,2,4,11,19,0,0,2
10,96.92581929366084,2,4,11,19,19,19,3
10,2.071169489474618,2,5,7,9,14,19,3
10,1.6875576079033054,2,5,7,10,14,19,3
10,2.252796084285778,2,5,7,11,14,19,3
10,3.641723626640231,2,5,7,12,14,19,3
10,68.90952840207144,2,5,7,13,14,19,3
10,4.477079682364314,2,5,7,14,0,0,2
10,68.90952840207144,2,5,7,14,14,19,3
10,51.3002189229587,2,5,8,10,15,19,3
10,68.48295535002943,2,5,8,11,15,19,3
10,110.70509144613423,2,5,8,12,15,19,3
10,2094.7870913255706,2,5,8,13,15,19,3
10,156.90214098375208,2,5,8,14,15,19,3
10,23.316236512014424,2,5,8,15,0,0,2
10,156.90214098375208,2,5,8,15,15,19,3
10,839.8522020130201,2,5,9,11,16,19,3
10,1357.6504452804495,2,5,9,12,16,19,3
10,25689.772621611515,2,5,9,13,16,19,3
10,1924.195705810828,2,5,9,14,16,19,3
10,4401.120679557207,2,5,9,15,16,19,3
10,2260.2429789231833,2,5,9,16,0,0,2
10,4401.120679557207,2,5,9,16,16,19,3
10,7.049281730496913,2,5,10,12,17,19,3
10,133.38812315915192,2,5,10,13,17,19,3
10,9.990935208709738,2,5,10,14,17,19,3
10,22.851787592281223,2,5,10,15,17,19,3
10,78.973693163455,2,5,10,16,17,19,3
10,78.973693163455,2,5,10,17,0,0,2
10,78.973693163455,2,5,10,17,17,19,3
10,84.07483935927031,2,5,11,13,18,19,3
10,6.297309331798007,2,5,11,14,18,19,3
10,14.40353402829471,2,5,11,15,18,19,3
10,49.77729957564232,2,5,11,16,18,19,3
10,96.92581929366084,2,5,11,17,18,19,3
10,96.92581929366084,2,5,11,18,0,0,2
10,96.92581929366084,2,5,11,18,18,19,3
10,4.717281047461246,2,5,12,14,19,19,3
10,10.789611008157028,2,5,12,15,19,19,3
10,37.287911314169875,2,5,12,16,19,19,3
10,72.60661756837868,2,5,12,17,19,19,3
10,72.60661756837868,2,5,12,18,19,19,3
10,72.60661756837868,2,5,12,19,0,0,2
10,72.60661756837868,2,5,12,19,19,19,3
10,51.43993011203141,2,6,8,10,14,19,3
10,68.66946206138547,2,6,8,11,14,19,3
10,111.0065860652034,2,6,8,12,14,19,3
10,2100.4920415485485,2,6,8,13,14,19,3
10,136.46980991241642,2,6,8,14,0,0,2
10,2100.4920415485485,2,6,8,14,14,19,3
10,25716.33484571454,2,6,9,11,15,19,3
10,41571.35430565221,2,6,9,12,15,19,3
10,786622.6858298949,2,6,9,13,15,19,3
10,58919.010941106266,2,6,9,14,15,19,3
10,8755.58220903473,2,6,9,15,0,0,2
10,58919.010941106266,2,6,9,15,15,19,3
10,326.136426236412,2,6,10,12,16,19,3
10,6171.228141060779,2,6,10,13,16,19,3
10,462.2326115342314,2,6,10,14,16,19,3
10,1057.2425139738066,2,6,10,15,16,19,3
10,542.9582924930841,2,6,10,16,0,0,2
10,1057.2425139738066,2,6,10,16,16,19,3
10,2191.6256023237725,2,6,11,13,17,19,3
10,164.15546508920144,2,6,11,14,17,19,3
10,375.4649331586457,2,6,11,15,17,19,3
10,1297.5725555458837,2,6,11,16,17,19,3
10,1297.5725555458837,2,6,11,17,0,0,2
10,1297.5725555458837,2,6,11,17,17,19,3
10,63.15153659353981,2,6,12,14,18,19,3
10,144.4434850406878,2,6,12,15,18,19,3
10,499.1835068043635,2,6,12,16,18,19,3
10,972.004724791688,2,6,12,17,18,19,3
10,972.004724791688,2,6,12,18,0,0,2
10,972.004724791688,2,6,12,18,18,19,3
10,89.35376510173586,2,6,13,15,19,19,3
10,308.79846049888295,2,6,13,16,19,19,3
10,601.2890220168032,2,6,13,17,19,19,3
10,601.2890220168032,2,6,13,18,19,19,3
10,601.2890220168032,2,6,13,19,0,0,2
10,601.2890220168032,2,6,13,19,19,19,3
10,845.9573356099704,2,7,9,11,14,19,3
10,1367.5196071717105,2,7,9,12,14,19,3
10,25876.519162912864,2,7,9,13,14,19,3
10,1681.207822503479,2,7,9,14,0,0,2
10,25876.519162912864,2,7,9,14,14,19,3
10,327.6149804587765,2,7,10,12,15,19,3
10,6199.205682638811,2,7,10,13,15,19,3
10,464.32816396112577,2,7,10,14,15,19,3
10,69.00087673901243,2,7,10,15,0,0,2
10,464.32816396112577,2,7,10,15,15,19,3
10,3326.4350078708985,2,7,11,13,16,19,3
10,249.1540914776093,2,7,11,14,16,19,3
10,569.8782203322313,2,7,11,15,16,19,3
10,292.66710461498917,2,7,11,16,0,0,2
10,569.8782203322313,2,7,11,16,16,19,3
10,54.006058003388326,2,7,12,14,17,19,3
10,123.52546987933366,2,7,12,15,17,19,3
10,426.8927547452433,2,7,12,16,17,19,3
10,426.8927547452433,2,7,12,17,0,0,2
10,426.8927547452433,2,7,12,17,17,19,3
10,39.24309620955208,2,7,13,15,18,19,3
10,135.62056037506375,2,7,13,16,18,19,3
10,264.0788881575004,2,7,13,17,18,19,3
10,264.0788881575004,2,7,13,18,0,0,2
10,264.0788881575004,2,7,13,18,18,19,3
10,7.167261341483959,2,7,14,16,19,19,3
10,13.956013756018436,2,7,14,17,19,19,3
10,13.956013756018436,2,7,14,18,19,19,3
10,13.956013756018436,2,7,14,19,0,0,2
10,13.956013756018436,2,7,14,19,19,19,3
10,0.8748192386795156,2,8,10,12,14,19,3
10,16.55352996407381,2,8,10,13,14,19,3
10,1.0754894771756411,2,8,10,14,0,0,2
10,16.55352996407381,2,8,10,14,14,19,3
10,271.24308250044413,2,8,11,13,15,19,3
10,20.316441965670695,2,8,11,14,15,19,3
10,3.0190981651630073,2,8,11,15,0,0,2
10,20.316441965670695,2,8,11,15,15,19,3
10,6.653809158796524,2,8,12,14,16,19,3
10,15.21893900821622,2,8,12,15,16,19,3
10,7.815850221912483,2,8,12,16,0,0,2
10,15.21893900821622,2,8,12,16,16,19,3
10,2.724187563694384,2,8,13,15,17,19,3
10,9.414543694059583,2,8,13,16,17,19,3
10,9.414543694059583,2,8,13,17,0,0,2
10,9.414543694059583,2,8,13,17,17,19,3
10,0.2555164312336126,2,8,14,16,18,19,3
10,0.4975388309820875,2,8,14,17,18,19,3
10,0.4975388309820875,2,8,14,18,0,0,2
10,0.4975388309820875,2,8,14,18,18,19,3
10,6.64259846321932,2,8,15,17,19,19,3
10,6.64259846321932,2,8,15,18,19,19,3
10,6.64259846321932,2,8,15,19,0,0,2
10,6.64259846321932,2,8,15,19,19,19,3
10,1132.213896658868,2,9,11,13,14,19,3
10,73.56039070889341,2,9,11,14,0,0,2
10,1132.213896658868,2,9,11,14,14,19,3
10,848.1354297480855,2,9,12,14,15,19,3
10,126.03605119877346,2,9,12,15,0,0,2
10,848.1354297480855,2,9,12,15,15,19,3
10,524.6625968822533,2,9,13,15,16,19,3
10,269.44613366657927,2,9,13,16,0,0,2
10,524.6625968822533,2,9,13,16,16,19,3
10,27.727314631035668,2,9,14,16,17,19,3
10,27.727314631035668,2,9,14,17,0,0,2
10,27.727314631035668,2,9,14,17,17,19,3
10,370.18501087394947,2,9,15,17,18,19,3
10,370.18501087394947,2,9,15,18,0,0,2
10,370.18501087394947,2,9,15,18,18,19,3
10,161.8470521810032,2,9,16,18,19,19,3
10,161.8470521810032,2,9,16,19,0,0,2
10,161.8470521810032,2,9,16,19,19,19,3
10,44.89766128612539,2,10,12,14,0,0,2
10,691.0479341634098,2,10,12,14,14,19,3
10,63.526167320339425,2,10,13,15,0,0,2
10,427.4871571111957,2,10,13,15,15,19,3
10,11.602260962703673,2,10,14,16,0,0,2
10,22.59179704515739,2,10,14,16,16,19,3
10,301.621153945526,2,10,15,17,0,0,2
10,301.621153945526,2,10,15,17,17,19,3
10,131.87053286211605,2,10,16,18,0,0,2
10,131.87053286211605,2,10,16,18,18,19,3
10,38.15799016020315,2,10,17,19,0,0,2
10,38.15799016020315,2,10,17,19,19,19,3
10,37.076770050124935,2,11,13,14,0,0,2
10,4.481708808343802,2,11,14,15,0,0,2
10,206.78399629562412,2,11,15,16,0,0,2
10,176.03986890471606,2,11,16,17,0,0,2
10,50.93880671956677,2,11,17,18,0,0,2
10,26.16017342523976,2,11,18,19,0,0,2
10,42.28883488578381,2,12,0,0,0,0,1
10,3.1674859754311004,2,12,14,14,0,0,2
10,96.7252266326912,2,12,15,15,0,0,2
10,146.1463553791289,2,12,16,16,0,0,2
10,82.34436185213745,2,12,17,17,0,0,2
10,42.28883488578381,2,12,18,18,0,0,2
10,42.28883488578381,2,12,19,19,0,0,2
10,186.32554839068104,3,3,5,7,15,19,3
10,6.64259846321932,3,3,5,8,15,19,3
10,370.18501087394947,3,3,5,9,15,19,3
10,301.621153945526,3,3,5,10,15,19,3
10,402.6475608085864,3,3,5,11,15,19,3
10,650.8938583629384,3,3,5,12,15,19,3
10,12316.362639790674,3,3,5,13,15,19,3
10,922.5107770224976,3,3,5,14,15,19,3
10,137.0885019610165,3,3,5,15,0,0,2
10,922.5107770224976,3,3,5,15,15,19,3
10,2.9041829045319796,3,3,6,8,16,19,3
10,161.8470521810032,3,3,6,9,16,19,3
10,131.87053286211605,3,3,6,10,16,19,3
10,176.03986890471606,3,3,6,11,16,19,3
10,284.57460233210713,3,3,6,12,16,19,3
10,5384.785791667606,3,3,6,13,16,19,3
10,403.3271080150178,3,3,6,14,16,19,3
10,922.5107770224976,3,3,6,15,16,19,3
10,473.7653562719045,3,3,6,16,0,0,2
10,922.5107770224976,3,3,6,16,16,19,3
10,3.4982460599089884,3,3,7,9,17,19,3
10,2.8503180366058216,3,3,7,10,17,19,3
10,3.805016955724954,3,3,7,11,17,19,3
10,6.1509429300270595,3,3,7,12,17,19,3
10,116.38955066100456,3,3,7,13,17,19,3
10,8.717721129020571,3,3,7,14,17,19,3
10,19.93962600772861,3,3,7,15,17,19,3
10,68.90952840207144,3,3,7,16,17,19,3
10,68.90952840207144,3,3,7,17,0,0,2
10,68.90952840207144,3,3,7,17,17,19,3
10,3.332995786892016,3,3,8,10,18,19,3
10,4.4493650601832115,3,3,8,11,18,19,3
10,7.192554166904909,3,3,8,12,18,19,3
10,136.09915700962554,3,3,8,13,18,19,3
10,10.1939949932483,3,3,8,14,18,19,3
10,23.316236512014424,3,3,8,15,18,19,3
10,80.5787862586445,3,3,8,16,18,19,3
10,156.90214098375208,3,3,8,17,18,19,3
10,156.90214098375208,3,3,8,18,0,0,2
10,156.90214098375208,3,3,8,18,18,19,3
10,124.80513302428112,3,3,9,11,19,19,3
10,201.7518606459211,3,3,9,12,19,19,3
10,3817.594907435933,3,3,9,13,19,19,3
10,285.9425747207222,3,3,9,14,19,19,3
10,654.0227560890972,3,3,9,15,19,19,3
10,2260.2429789231833,3,3,9,16,19,19,3
10,4401.120679557207,3,3,9,17,19,19,3
10,4401.120679557207,3,3,9,18,19,19,3
10,4401.120679557207,3,3,9,19,0,0,2
10,4401.120679557207,3,3,9,19,19,19,3
10,6.64259846321932,3,4,6,8,15,19,3
10,370.18501087394947,3,4,6,9,15,19,3
10,301.621153945526,3,4,6,10,15,19,3
10,402.6475608085864,3,4,6,11,15,19,3
10,650.8938583629384,3,4,6,12,15,19,3
10,12316.362639790674,3,4,6,13,15,19,3
10,922.5107770224976,3,4,6,14,15,19,3
10,137.0885019610165,3,4,6,15,0,0,2
10,922.5107770224976,3,4,6,15,15,19,3
10,12.08961924006483,3,4,7,9,16,19,3
10,9.850439101630853,3,4,7,10,16,19,3
10,13.149791469472015,3,4,7,11,16,19,3
10,21.257097619179632,3,4,7,12,16,19,3
10,402.23166893251306,3,4,7,13,16,19,3
10,30.127648909199053,3,4,7,14,16,19,3
10,68.90952840207144,3,4,7,15,16,19,3
10,35.38923130991254,3,4,7,16,0,0,2
10,68.90952840207144,3,4,7,16,16,19,3
10,6.489973343288976,3,4,8,10,17,19,3
10,8.66375551649803,3,4,8,11,17,19,3
10,14.005263672086134,3,4,8,12,17,19,3
10,265.01080634734865,3,4,8,13,17,19,3
10,19.84963678261805,3,4,8,14,17,19,3
10,45.401123524941696,3,4,8,15,17,19,3
10,156.90214098375208,3,4,8,16,17,19,3
10,156.90214098375208,3,4,8,17,0,0,2
10,156.90214098375208,3,4,8,17,17,19,3
10,124.80513302428112,3,4,9,11,18,19,3
10,201.7518606459211,3,4,9,12,18,19,3
10,3817.594907435933,3,4,9,13,18,19,3
10,285.9425747207222,3,4,9,14,18,19,3
10,654.0227560890972,3,4,9,15,18,19,3
10,2260.2429789231833,3,4,9,16,18,19,3
10,4401.120679557207,3,4,9,17,18,19,3
10,4401.120679557207,3,4,9,18,0,0,2
10,4401.120679557207,3,4,9,18,18,19,3
10,3.620234639739554,3,4,10,12,19,19,3
10,68.5029088710529,3,4,10,13,19,19,3
10,5.130952501087639,3,4,10,14,19,19,3
10,11.73578191145942,3,4,10,15,19,19,3
10,40.55779163735435,3,4,10,16,19,19,3
10,78.973693163455,3,4,10,17,19,19,3
10,78.973693163455,3,4,10,18,19,19,3
10,78.973693163455,3,4,10,19,0,0,2
10,78.973693163455,3,4,10,19,19,19,3
10,27.65200706182903,3,5,7,9,15,19,3
10,22.530437575547037,3,5,7,10,15,19,3
10,30.07688822575933,3,5,7,11,15,19,3
10,48.62034128681061,3,5,7,12,15,19,3
10,920.0052316745654,3,5,7,13,15,19,3
10,68.90952840207144,3,5,7,14,15,19,3
10,10.240209930089188,3,5,7,15,0,0,2
10,68.90952840207144,3,5,7,15,15,19,3
10,22.428755797862745,3,5,8,10,16,19,3
10,29.941148675572965,3,5,8,11,16,19,3
10,48.40091355856159,3,5,8,12,16,19,3
10,915.8531699526472,3,5,8,13,16,19,3
10,68.59853384975479,3,5,8,14,16,19,3
10,156.90214098375208,3,5,8,15,16,19,3
10,80.5787862586445,3,5,8,16,0,0,2
10,156.90214098375208,3,5,8,16,16,19,3
10,243.0192050103126,3,5,9,11,17,19,3
10,392.8490407039934,3,5,9,12,17,19,3
10,7433.579508913329,3,5,9,13,17,19,3
10,556.7842884612163,3,5,9,14,17,19,3
10,1273.5060361059325,3,5,9,15,17,19,3
10,4401.120679557207,3,5,9,16,17,19,3
10,4401.120679557207,3,5,9,17,0,0,2
10,4401.120679557207,3,5,9,17,17,19,3
10,3.620234639739554,3,5,10,12,18,19,3
10,68.5029088710529,3,5,10,13,18,19,3
10,5.130952501087639,3,5,10,14,18,19,3
10,11.73578191145942,3,5,10,15,18,19,3
10,40.55779163735435,3,5,10,16,18,19,3
10,78.973693163455,3,5,10,17,18,19,3
10,78.973693163455,3,5,10,18,0,0,2
10,78.973693163455,3,5,10,18,18,19,3
10,84.07483935927031,3,5,11,13,19,19,3
10,6.297309331798007,3,5,11,14,19,19,3
10,14.40353402829471,3,5,11,15,19,19,3
10,49.77729957564232,3,5,11,16,19,19,3
10,96.92581929366084,3,5,11,17,19,19,3
10,96.92581929366084,3,5,11,18,19,19,3
10,96.92581929366084,3,5,11,19,0,0,2
10,96.92581929366084,3,5,11,19,19,19,3
10,686.7701160848517,3,6,8,10,15,19,3
10,916.8001264517968,3,6,8,11,15,19,3
10,1482.0394551887568,3,6,8,12,15,19,3
10,28043.48995163584,3,6,8,13,15,19,3
10,2100.4920415485485,3,6,8,14,15,19,3
10,312.14086006271646,3,6,8,15,0,0,2
10,2100.4920415485485,3,6,8,15,15,19,3
10,11243.332024309697,3,6,9,11,16,19,3
10,18175.23927740248,3,6,9,12,16,19,3
10,343916.03965732304,3,6,9,13,16,19,3
10,25759.73623493189,3,6,9,14,16,19,3
10,58919.010941106266,3,6,9,15,16,19,3
10,30258.49334768336,3,6,9,16,0,0,2
10,58919.010941106266,3,6,9,16,16,19,3
10,94.37067002849696,3,6,10,12,17,19,3
10,1785.7034287499682,3,6,10,13,17,19,3
10,133.75139282321973,3,6,10,14,17,19,3
10,305.9231548517573,3,6,10,15,17,19,3
10,1057.2425139738066,3,6,10,16,17,19,3
10,1057.2425139738066,3,6,10,17,0,0,2
10,1057.2425139738066,3,6,10,17,17,19,3
10,1125.5329587051842,3,6,11,13,18,19,3
10,84.30380906007461,3,6,11,14,18,19,3
10,192.82406477639955,3,6,11,15,18,19,3
10,666.3823766384565,3,6,11,16,18,19,3
10,1297.5725555458837,3,6,11,17,18,19,3
10,1297.5725555458837,3,6,11,18,0,0,2
10,1297.5725555458837,3,6,11,18,18,19,3
10,63.15153659353981,3,6,12,14,19,19,3
10,144.4434850406878,3,6,12,15,19,19,3
10,499.1835068043635,3,6,12,16,19,19,3
10,972.004724791688,3,6,12,17,19,19,3
10,972.004724791688,3,6,12,18,19,19,3
10,972.004724791688,3,6,12,19,0,0,2
10,972.004724791688,3,6,12,19,19,19,3
10,11294.304177987304,3,7,9,11,15,19,3
10,18257.637545778085,3,7,9,12,15,19,3
10,345475.19856036996,3,7,9,13,15,19,3
10,25876.519162912864,3,7,9,14,15,19,3
10,3845.346131845508,3,7,9,15,0,0,2
10,25876.519162912864,3,7,9,15,15,19,3
10,143.23518586668212,3,7,10,12,16,19,3
10,2710.3289872005475,3,7,10,13,16,19,3
10,203.00698940864177,3,7,10,14,16,19,3
10,464.32816396112577,3,7,10,15,16,19,3
10,238.46073509963716,3,7,10,16,0,0,2
10,464.32816396112577,3,7,10,16,16,19,3
10,962.5355380311612,3,7,11,13,17,19,3
10,72.09510088897365,3,7,11,14,17,19,3
10,164.89967130631362,3,7,11,15,17,19,3
10,569.8782203322313,3,7,11,16,17,19,3
10,569.8782203322313,3,7,11,17,0,0,2
10,569.8782203322313,3,7,11,17,17,19,3
10,27.735393393883832,3,7,12,14,18,19,3
10,63.43783693771387,3,7,12,15,18,19,3
10,219.23537705927816,3,7,12,16,18,19,3
10,426.8927547452433,3,7,12,17,18,19,3
10,426.8927547452433,3,7,12,18,0,0,2
10,426.8927547452433,3,7,12,18,18,19,3
10,39.24309620955208,3,7,13,15,19,19,3
10,135.62056037506375,3,7,13,16,19,19,3
10,264.0788881575004,3,7,13,17,19,19,3
10,264.0788881575004,3,7,13,18,19,19,3
10,264.0788881575004,3,7,13,19,0,0,2
10,264.0788881575004,3,7,13,19,19,19,3
10,11.679636982256891,3,8,10,12,15,19,3
10,221.00476556405803,3,8,10,13,15,19,3
10,16.55352996407381,3,8,10,14,15,19,3
10,2.4599155711395375,3,8,10,15,0,0,2
10,16.55352996407381,3,8,10,15,15,19,3
10,118.58906232736084,3,8,11,13,16,19,3
10,8.882467270048028,3,8,11,14,16,19,3
10,20.316441965670695,3,8,11,15,16,19,3
10,10.433727828210206,3,8,11,16,0,0,2
10,20.316441965670695,3,8,11,16,16,19,3
10,1.9253428260178571,3,8,12,14,17,19,3
10,4.403744432666027,3,8,12,15,17,19,3
10,15.21893900821622,3,8,12,16,17,19,3
10,15.21893900821622,3,8,12,17,0,0,2
10,15.21893900821622,3,8,12,17,17,19,3
10,1.3990358961775973,3,8,13,15,18,19,3
10,4.8349404239477805,3,8,13,16,18,19,3
10,9.414543694059583,3,8,13,17,18,19,3
10,9.414543694059583,3,8,13,18,0,0,2
10,9.414543694059583,3,8,13,18,18,19,3
10,0.2555164312336126,3,8,14,16,19,19,3
10,0.4975388309820875,3,8,14,17,19,19,3
10,0.4975388309820875,3,8,14,18,19,19,3
10,0.4975388309820875,3,8,14,19,0,0,2
10,0.4975388309820875,3,8,14,19,19,19,3
10,15116.091090089276,3,9,11,13,15,19,3
10,1132.213896658868,3,9,11,14,15,19,3
10,168.25115853212858,3,9,11,15,0,0,2
10,1132.213896658868,3,9,11,15,15,19,3
10,370.8097711220853,3,9,12,14,16,19,3
10,848.1354297480855,3,9,12,15,16,19,3
10,435.56909474633375,3,9,12,16,0,0,2
10,848.1354297480855,3,9,12,16,16,19,3
10,151.81610155615792,3,9,13,15,17,19,3
10,524.6625968822533,3,9,13,16,17,19,3
10,524.6625968822533,3,9,13,17,0,0,2
10,524.6625968822533,3,9,13,17,17,19,3
10,14.23966139131126,3,9,14,16,18,19,3
10,27.727314631035668,3,9,14,17,18,19,3
10,27.727314631035668,3,9,14,18,0,0,2
10,27.727314631035668,3,9,14,18,18,19,3
10,370.18501087394947,3,9,15,17,19,19,3
10,370.18501087394947,3,9,15,18,19,19,3
10,370.18501087394947,3,9,15,19,0,0,2
10,370.18501087394947,3,9,15,19,19,19,3
10,691.0479341634098,3,10,12,14,15,19,3
10,102.69227030982064,3,10,12,15,0,0,2
10,691.0479341634098,3,10,12,15,15,19,3
10,427.4871571111957,3,10,13,15,16,19,3
10,219.54063880330196,3,10,13,16,0,0,2
10,427.4871571111957,3,10,13,16,16,19,3
10,22.59179704515739,3,10,14,16,17,19,3
10,22.59179704515739,3,10,14,17,0,0,2
10,22.59179704515739,3,10,14,17,17,19,3
10,301.621153945526,3,10,15,17,18,19,3
10,301.621153945526,3,10,15,18,0,0,2
10,301.621153945526,3,10,15,18,18,19,3
10,131.87053286211605,3,10,16,18,19,19,3
10,131.87053286211605,3,10,16,19,0,0,2
10,131.87053286211605,3,10,16,19,19,19,3
10,84.8039203631997,3,11,13,15,0,0,2
10,570.6717146202113,3,11,13,15,15,19,3
10,15.48837677791336,3,11,14,16,0,0,2
10,30.158799724498515,3,11,14,16,16,19,3
10,402.6475608085864,3,11,15,17,0,0,2
10,402.6475608085864,3,11,15,17,17,19,3
10,176.03986890471606,3,11,16,18,0,0,2
10,176.03986890471606,3,11,16,18,18,19,3
10,50.93880671956677,3,11,17,19,0,0,2
10,50.93880671956677,3,11,17,19,19,19,3
10,7.24483896652443,3,12,14,15,0,0,2
10,334.2735590556594,3,12,15,16,0,0,2
10,284.57460233210713,3,12,16,17,0,0,2
10,82.34436185213745,3,12,17,18,0,0,2
10,42.28883488578381,3,12,18,19,0,0,2
10,800.1990176670581,3,13,0,0,0,0,1
10,1830.256887997694,3,13,15,15,0,0,2
10,2765.4148033601537,3,13,16,16,0,0,2
10,1558.1388714649102,3,13,17,17,0,0,2
10,800.1990176670581,3,13,18,18,0,0,2
10,800.1990176670581,3,13,19,19,0,0,2
10,1.4105178580312656,4,4,6,8,16,19,3
10,78.60667350351083,4,4,6,9,16,19,3
10,64.04752994718461,4,4,6,10,16,19,3
10,85.49991063858306,4,4,6,11,16,19,3
10,138.21359457257384,4,4,6,12,16,19,3
10,2615.3092868109816,4,4,6,13,16,19,3
10,195.88989646468855,4,4,6,14,16,19,3
10,448.04957813985527,4,4,6,15,16,19,3
10,230.1006918315153,4,4,6,16,0,0,2
10,448.04957813985527,4,4,6,16,16,19,3
10,1.6990453774757444,4,4,7,9,17,19,3
10,1.3843565036579653,4,4,7,10,17,19,3
10,1.848039377198499,4,4,7,11,17,19,3
10,2.987420259583306,4,4,7,12,17,19,3
10,56.52865025801059,4,4,7,13,17,19,3
10,4.234065738294685,4,4,7,14,17,19,3
10,9.684375774844098,4,4,7,15,17,19,3
10,33.468319177816525,4,4,7,16,17,19,3
10,33.468319177816525,4,4,7,17,0,0,2
10,33.468319177816525,4,4,7,17,17,19,3
10,1.618785810913581,4,4,8,10,18,19,3
10,2.1609895383982938,4,4,8,11,18,19,3
10,3.493315135711644,4,4,8,12,18,19,3
10,66.10130895182536,4,4,8,13,18,19,3
10,4.951069700265744,4,4,8,14,18,19,3
10,11.324344596531876,4,4,8,15,18,19,3
10,39.13590181215495,4,4,8,16,18,19,3
10,76.20500467637982,4,4,8,17,18,19,3
10,76.20500467637982,4,4,8,18,0,0,2
10,76.20500467637982,4,4,8,18,18,19,3
10,60.615971752332065,4,4,9,11,19,19,3
10,97.98783743545503,4,4,9,12,19,19,3
10,1854.1482987399472,4,4,9,13,19,19,3
10,138.8779981404153,4,4,9,14,19,19,3
10,317.64899365770674,4,4,9,15,19,19,3
10,1097.7659431456211,4,4,9,16,19,19,3
10,2137.557969981428,4,4,9,17,19,19,3
10,2137.557969981428,4,4,9,18,19,19,3
10,2137.557969981428,4,4,9,19,0,0,2
10,2137.557969981428,4,4,9,19,19,19,3
10,5.871745821621355,4,5,7,9,16,19,3
10,4.78420978259249,4,5,7,10,16,19,3
10,6.3866554920261,4,5,7,11,16,19,3
10,10.32425187648391,4,5,7,12,16,19,3
10,195.35785821535953,4,5,7,13,16,19,3
10,14.632544920158786,4,5,7,14,16,19,3
10,33.468319177816525,4,5,7,15,16,19,3
10,17.188016177195696,4,5,7,16,0,0,2
10,33.468319177816525,4,5,7,16,16,19,3
10,3.1520822206379653,4,5,8,10,17,19,3
10,4.207855453789583,4,5,8,11,17,19,3
10,6.802145445139439,4,5,8,12,17,19,3
10,128.71175377448944,4,5,8,13,17,19,3
10,9.64066936473792,4,5,8,14,17,19,3
10,22.05064130316333,4,5,8,15,17,19,3
10,76.20500467637982,4,5,8,16,17,19,3
10,76.20500467637982,4,5,8,17,0,0,2
10,76.20500467637982,4,5,8,17,17,19,3
10,60.615971752332065,4,5,9,11,18,19,3
10,97.98783743545503,4,5,9,12,18,19,3
10,1854.1482987399472,4,5,9,13,18,19,3
10,138.8779981404153,4,5,9,14,18,19,3
10,317.64899365770674,4,5,9,15,18,19,3
10,1097.7659431456211,4,5,9,16,18,19,3
10,2137.557969981428,4,5,9,17,18,19,3
10,2137.557969981428,4,5,9,18,0,0,2
10,2137.557969981428,4,5,9,18,18,19,3
10,1.7582933917996273,4,5,10,12,19,19,3
10,33.27083020113013,4,5,10,13,19,19,3
10,2.492026283950811,4,5,10,14,19,19,3
10,5.699892364989143,4,5,10,15,19,19,3
10,19.698308015492813,4,5,10,16,19,19,3
10,38.35633229157326,4,5,10,17,19,19,3
10,38.35633229157326,4,5,10,18,19,19,3
10,38.35633229157326,4,5,10,19,0,0,2
10,38.35633229157326,4,5,10,19,19,19,3
10,145.8317130658548,4,6,8,10,16,19,3
10,194.6772724207167,4,6,8,11,16,19,3
10,314.7026166681074,4,6,8,12,16,19,3
10,5954.87497811693,4,6,8,13,16,19,3
10,446.0274923528757,4,6,8,14,16,19,3
10,1020.1773210059724,4,6,8,15,16,19,3
10,523.9230629986718,4,6,8,16,0,0,2
10,1020.1773210059724,4,6,8,16,16,19,3
10,1580.110251944208,4,6,9,11,17,19,3
10,2554.303461969133,4,6,9,12,17,19,3
10,48333.115031702626,4,6,9,13,17,19,3
10,3620.2100253010703,4,6,9,14,17,19,3
10,8280.333002811149,4,6,9,15,17,19,3
10,28616.075447686977,4,6,9,16,17,19,3
10,28616.075447686977,4,6,9,17,0,0,2
10,28616.075447686977,4,6,9,17,17,19,3
10,23.538756405911524,4,6,10,12,18,19,3
10,445.4057389849387,4,6,10,13,18,19,3
10,33.361440092207175,4,6,10,14,18,19,3
10,76.30602409423369,4,6,10,15,18,19,3
10,263.70665791488085,4,6,10,16,18,19,3
10,513.4867517823387,4,6,10,17,18,19,3
10,513.4867517823387,4,6,10,18,0,0,2
10,513.4867517823387,4,6,10,18,18,19,3
10,546.6543913535892,4,6,11,13,19,19,3
10,40.94508923447312,4,6,11,14,19,19,3
10,93.6517415624413,4,6,11,15,19,19,3
10,323.65187504515507,4,6,11,16,19,19,3
10,630.2114301522228,4,6,11,17,19,19,3
10,630.2114301522228,4,6,11,18,19,19,3
10,630.2114301522228,4,6,11,19,0,0,2
10,630.2114301522228,4,6,11,19,19,19,3
10,2398.2810078463444,4,7,9,11,16,19,3
10,3876.9050916410615,4,7,9,12,16,19,3
10,73359.68593834425,4,7,9,13,16,19,3
10,5494.731103359134,4,7,9,14,16,19,3
10,12567.835285449724,4,7,9,15,16,19,3
10,6454.347320250866,4,7,9,16,0,0,2
10,12567.835285449724,4,7,9,16,16,19,3
10,20.129921017873215,4,7,10,12,17,19,3
10,380.9029751640802,4,7,10,13,17,19,3
10,28.530103397050446,4,7,10,14,17,19,3
10,65.25553906573819,4,7,10,15,17,19,3
10,225.5171897858083,4,7,10,16,17,19,3
10,225.5171897858083,4,7,10,17,0,0,2
10,225.5171897858083,4,7,10,17,17,19,3
10,240.0840171517997,4,7,11,13,18,19,3
10,17.982589477988423,4,7,11,14,18,19,3
10,41.130715646313554,4,7,11,15,18,19,3
10,142.1440009420734,4,7,11,16,18,19,3
10,276.7812610656586,4,7,11,17,18,19,3
10,276.7812610656586,4,7,11,18,0,0,2
10,276.7812610656586,4,7,11,18,18,19,3
10,13.470662478092118,4,7,12,14,19,19,3
10,30.810801115827445,4,7,12,15,19,19,3
10,106.47931780459412,4,7,12,16,19,19,3
10,207.33537584450613,4,7,12,17,19,19,3
10,207.33537584450613,4,7,12,18,19,19,3
10,207.33537584450613,4,7,12,19,0,0,2
10,207.33537584450613,4,7,12,19,19,19,3
10,2.4801042287917396,4,8,10,12,16,19,3
10,46.92910015022005,4,8,10,13,16,19,3
10,3.5150475761959137,4,8,10,14,16,19,3
10,8.039799969673254,4,8,10,15,16,19,3
10,4.128925961473297,4,8,10,16,0,0,2
10,8.039799969673254,4,8,10,16,16,19,3
10,16.666215384083902,4,8,11,13,17,19,3
10,1.2483201212608053,4,8,11,14,17,19,3
10,2.855222825722503,4,8,11,15,17,19,3
10,9.867389605357005,4,8,11,16,17,19,3
10,9.867389605357005,4,8,11,17,0,0,2
10,9.867389605357005,4,8,11,17,17,19,3
10,0.4802358165499767,4,8,12,14,18,19,3
10,1.09842038255226,4,8,12,15,18,19,3
10,3.7960406338394224,4,8,12,16,18,19,3
10,7.391609260518341,4,8,12,17,18,19,3
10,7.391609260518341,4,8,12,18,0,0,2
10,7.391609260518341,4,8,12,18,18,19,3
10,0.6794906452020774,4,8,13,15,19,19,3
10,2.3482576802767317,4,8,13,16,19,19,3
10,4.572501953979623,4,8,13,17,19,19,3
10,4.572501953979623,4,8,13,18,19,19,3
10,4.572501953979623,4,8,13,19,0,0,2
10,4.572501953979623,4,8,13,19,19,19,3
10,3209.8156383014,4,9,11,13,16,19,3
10,240.41915662843095,4,9,11,14,16,19,3
10,549.8992222068279,4,9,11,15,16,19,3
10,282.4066747093487,4,9,11,16,0,0,2
10,549.8992222068279,4,9,11,16,16,19,3
10,52.11269395978426,4,9,12,14,17,19,3
10,119.19486898407578,4,9,12,15,17,19,3
10,411.9265931294663,4,9,12,16,17,19,3
10,411.9265931294663,4,9,12,17,0,0,2
10,411.9265931294663,4,9,12,17,17,19,3
10,37.86729745530499,4,9,13,15,18,19,3
10,130.8659253937168,4,9,13,16,18,19,3
10,254.8207143526104,4,9,13,17,18,19,3
10,254.8207143526104,4,9,13,18,0,0,2
10,254.8207143526104,4,9,13,18,18,19,3
10,6.9159888839713695,4,9,14,16,19,19,3
10,13.466738744758947,4,9,14,17,19,19,3
10,13.466738744758947,4,9,14,18,19,19,3
10,13.466738744758947,4,9,14,19,0,0,2
10,13.466738744758947,4,9,14,19,19,19,3
10,146.74008331081637,4,10,12,14,16,19,3
10,335.6315645175206,4,10,12,15,16,19,3
10,172.36720881783478,4,10,12,16,0,0,2
10,335.6315645175206,4,10,12,16,16,19,3
10,60.07799450068788,4,10,13,15,17,19,3
10,207.62406811341387,4,10,13,16,17,19,3
10,207.62406811341387,4,10,13,17,0,0,2
10,207.62406811341387,4,10,13,17,17,19,3
10,5.635043252921378,4,10,14,16,18,19,3
10,10.972495267941058,4,10,14,17,18,19,3
10,10.972495267941058,4,10,14,18,0,0,2
10,10.972495267941058,4,10,14,18,18,19,3
10,146.49284772534804,4,10,15,17,19,19,3
10,146.49284772534804,4,10,15,18,19,19,3
10,146.49284772534804,4,10,15,19,0,0,2
10,146.49284772534804,4,10,15,19,19,19,3
10,277.16664927991184,4,11,13,15,16,19,3
10,142.34192121485114,4,11,13,16,0,0,2
10,277.16664927991184,4,11,13,16,16,19,3
10,14.647674401571123,4,11,14,16,17,19,3
10,14.647674401571123,4,11,14,17,0,0,2
10,14.647674401571123,4,11,14,17,17,19,3
10,195.55985063026432,4,11,15,17,18,19,3
10,195.55985063026432,4,11,15,18,0,0,2
10,195.55985063026432,4,11,15,18,18,19,3
10,85.49991063858306,4,11,16,18,19,19,3
10,85.49991063858306,4,11,16,19,0,0,2
10,85.49991063858306,4,11,16,19,19,19,3
10,12.16033755244653,4,12,14,16,0,0,2
10,23.67847774400165,4,12,14,16,16,19,3
10,316.129335198243,4,12,15,17,0,0,2
10,316.129335198243,4,12,15,17,17,19,3
10,138.21359457257384,4,12,16,18,0,0,2
10,138.21359457257384,4,12,16,18,18,19,3
10,39.993415262991526,4,12,17,19,0,0,2
10,39.993415262991526,4,12,17,19,19,19,3
10,3072.054695567576,4,13,15,16,0,0,2
10,2615.3092868109816,4,13,16,17,0,0,2
10,756.7645619235273,4,13,17,18,0,0,2
10,388.6446003924654,4,13,18,19,0,0,2
10,29.109960690451487,4,14,0,0,0,0,1
10,100.60136846119084,4,14,16,16,0,0,2
10,56.682600574598574,4,14,17,17,0,0,2
10,29.109960690451487,4,14,18,18,0,0,2
10,29.109960690451487,4,14,19,19,0,0,2
10,1.6990453774757444,5,5,7,9,17,19,3
10,1.3843565036579653,5,5,7,10,17,19,3
10,1.848039377198499,5,5,7,11,17,19,3
10,2.987420259583306,5,5,7,12,17,19,3
10,56.52865025801059,5,5,7,13,17,19,3
10,4.234065738294685,5,5,7,14,17,19,3
10,9.684375774844098,5,5,7,15,17,19,3
10,33.468319177816525,5,5,7,16,17,19,3
10,33.468319177816525,5,5,7,17,0,0,2
10,33.468319177816525,5,5,7,17,17,19,3
10,1.618785810913581,5,5,8,10,18,19,3
10,2.1609895383982938,5,5,8,11,18,19,3
10,3.493315135711644,5,5,8,12,18,19,3
10,66.10130895182536,5,5,8,13,18,19,3
10,4.951069700265744,5,5,8,14,18,19,3
10,11.324344596531876,5,5,8,15,18,19,3
10,39.13590181215495,5,5,8,16,18,19,3
10,76.20500467637982,5,5,8,17,18,19,3
10,76.20500467637982,5,5,8,18,0,0,2
10,76.20500467637982,5,5,8,18,18,19,3
10,60.615971752332065,5,5,9,11,19,19,3
10,97.98783743545503,5,5,9,12,19,19,3
10,1854.1482987399472,5,5,9,13,19,19,3
10,138.8779981404153,5,5,9,14,19,19,3
10,317.64899365770674,5,5,9,15,19,19,3
10,1097.7659431456211,5,5,9,16,19,19,3
10,2137.557969981428,5,5,9,17,19,19,3
10,2137.557969981428,5,5,9,18,19,19,3
10,2137.557969981428,5,5,9,19,0,0,2
10,2137.557969981428,5,5,9,19,19,19,3
10,42.19779014642224,5,6,8,10,17,19,3
10,56.331716299441425,5,6,8,11,17,19,3
10,91.06218872087088,5,6,8,12,17,19,3
10,1723.0995878193162,5,6,8,13,17,19,3
10,129.06228779841754,5,6,8,14,17,19,3
10,295.19798951075273,5,6,8,15,17,19,3
10,1020.1773210059724,5,6,8,16,17,19,3
10,1020.1773210059724,5,6,8,17,0,0,2
10,1020.1773210059724,5,6,8,17,17,19,3
10,811.4826570128839,5,6,9,11,18,19,3
10,1311.790084005548,5,6,9,12,18,19,3
10,24821.992363745692,5,6,9,13,18,19,3
10,1859.1978924643568,5,6,9,14,18,19,3
10,4252.454294126,5,6,9,15,18,19,3
10,14696.094091534407,5,6,9,16,18,19,3
10,28616.075447686977,5,6,9,17,18,19,3
10,28616.075447686977,5,6,9,18,0,0,2
10,28616.075447686977,5,6,9,18,18,19,3
10,23.538756405911524,5,6,10,12,19,19,3
10,445.4057389849387,5,6,10,13,19,19,3
10,33.361440092207175,5,6,10,14,19,19,3
10,76.30602409423369,5,6,10,15,19,19,3
10,263.70665791488085,5,6,10,16,19,19,3
10,513.4867517823387,5,6,10,17,19,19,3
10,513.4867517823387,5,6,10,18,19,19,3
10,513.4867517823387,5,6,10,19,0,0,2
10,513.4867517823387,5,6,10,19,19,19,3
10,693.9653697652803,5,7,9,11,17,19,3
10,1121.8192808363185,5,7,9,12,17,19,3
10,21227.321323694337,5,7,9,13,17,19,3
10,1589.952590804869,5,7,9,14,17,19,3
10,3636.622411002737,5,7,9,15,17,19,3
10,12567.835285449724,5,7,9,16,17,19,3
10,12567.835285449724,5,7,9,17,0,0,2
10,12567.835285449724,5,7,9,17,17,19,3
10,10.337937984355298,5,7,10,12,18,19,3
10,195.61682988256112,5,7,10,13,18,19,3
10,14.651942217958766,5,7,10,14,18,19,3
10,33.51268568805097,5,7,10,15,18,19,3
10,115.81678439481948,5,7,10,16,18,19,3
10,225.5171897858083,5,7,10,17,18,19,3
10,225.5171897858083,5,7,10,18,0,0,2
10,225.5171897858083,5,7,10,18,18,19,3
10,240.0840171517997,5,7,11,13,19,19,3
10,17.982589477988423,5,7,11,14,19,19,3
10,41.130715646313554,5,7,11,15,19,19,3
10,142.1440009420734,5,7,11,16,19,19,3
10,276.7812610656586,5,7,11,17,19,19,3
10,276.7812610656586,5,7,11,18,19,19,3
10,276.7812610656586,5,7,11,19,0,0,2
10,276.7812610656586,5,7,11,19,19,19,3
10,0.7176416952638285,5,8,10,12,17,19,3
10,13.57938049459209,5,8,10,13,17,19,3
10,1.017112374645312,5,8,10,14,17,19,3
10,2.326392420462618,5,8,10,15,17,19,3
10,8.039799969673254,5,8,10,16,17,19,3
10,8.039799969673254,5,8,10,17,0,0,2
10,8.039799969673254,5,8,10,17,17,19,3
10,8.559114609619622,5,8,11,13,18,19,3
10,0.6410882579598197,5,8,11,14,18,19,3
10,1.466330467845696,5,8,11,15,18,19,3
10,5.067504324387575,5,8,11,16,18,19,3
10,9.867389605357005,5,8,11,17,18,19,3
10,9.867389605357005,5,8,11,18,0,0,2
10,9.867389605357005,5,8,11,18,18,19,3
10,0.4802358165499767,5,8,12,14,19,19,3
10,1.09842038255226,5,8,12,15,19,19,3
10,3.7960406338394224,5,8,12,16,19,19,3
10,7.391609260518341,5,8,12,17,19,19,3
10,7.391609260518341,5,8,12,18,19,19,3
10,7.391609260518341,5,8,12,19,0,0,2
10,7.391609260518341,5,8,12,19,19,19,3
10,928.790616706132,5,9,11,13,17,19,3
10,69.56756459416341,5,9,11,14,17,19,3
10,159.11855859421908,5,9,11,15,17,19,3
10,549.8992222068279,5,9,11,16,17,19,3
10,549.8992222068279,5,9,11,17,0,0,2
10,549.8992222068279,5,9,11,17,17,19,3
10,26.763035874586667,5,9,12,14,18,19,3
10,61.213810154378805,5,9,12,15,18,19,3
10,211.5493433927594,5,9,12,16,18,19,3
10,411.9265931294663,5,9,12,17,18,19,3
10,411.9265931294663,5,9,12,18,0,0,2
10,411.9265931294663,5,9,12,18,18,19,3
10,37.86729745530499,5,9,13,15,19,19,3
10,130.8659253937168,5,9,13,16,19,19,3
10,254.8207143526104,5,9,13,17,19,19,3
10,254.8207143526104,5,9,13,18,19,19,3
10,254.8207143526104,5,9,13,19,0,0,2
10,254.8207143526104,5,9,13,19,19,19,3
10,42.460635697409074,5,10,12,14,17,19,3
10,97.118178400812,5,10,12,15,17,19,3
10,335.6315645175206,5,10,12,16,17,19,3
10,335.6315645175206,5,10,12,17,0,0,2
10,335.6315645175206,5,10,12,17,17,19,3
10,30.853701851144653,5,10,13,15,18,19,3
10,106.62757883204092,5,10,13,16,18,19,3
10,207.62406811341387,5,10,13,17,18,19,3
10,207.62406811341387,5,10,13,18,0,0,2
10,207.62406811341387,5,10,13,18,18,19,3
10,5.635043252921378,5,10,14,16,19,19,3
10,10.972495267941058,5,10,14,17,19,19,3
10,10.972495267941058,5,10,14,18,19,19,3
10,10.972495267941058,5,10,14,19,0,0,2
10,10.972495267941058,5,10,14,19,19,19,3
10,80.20080033359498,5,11,13,15,17,19,3
10,277.16664927991184,5,11,13,16,17,19,3
10,277.16664927991184,5,11,13,17,0,0,2
10,277.16664927991184,5,11,13,17,17,19,3
10,7.52247112365817,5,11,14,16,18,19,3
10,14.647674401571123,5,11,14,17,18,19,3
10,14.647674401571123,5,11,14,18,0,0,2
10,14.647674401571123,5,11,14,18,18,19,3
10,195.55985063026432,5,11,15,17,19,19,3
10,195.55985063026432,5,11,15,18,19,19,3
10,195.55985063026432,5,11,15,19,0,0,2
10,195.55985063026432,5,11,15,19,19,19,3
10,23.67847774400165,5,12,14,16,17,19,3
10,23.67847774400165,5,12,14,17,0,0,2
10,23.67847774400165,5,12,14,17,17,19,3
10,316.129335198243,5,12,15,17,18,19,3
10,316.129335198243,5,12,15,18,0,0,2
10,316.129335198243,5,12,15,18,18,19,3
10,138.21359457257384,5,12,16,18,19,19,3
10,138.21359457257384,5,12,16,19,0,0,2
10,138.21359457257384,5,12,16,19,19,19,3
10,5981.871672856465,5,13,15,17,0,0,2
10,5981.871672856465,5,13,15,17,17,19,3
10,2615.3092868109816,5,13,16,18,0,0,2
10,2615.3092868109816,5,13,16,18,18,19,3
10,756.7645619235273,5,13,17,19,0,0,2
10,756.7645619235273,5,13,17,19,19,19,3
10,195.88989646468855,5,14,16,17,0,0,2
10,56.682600574598574,5,14,17,18,0,0,2
10,29.109960690451487,5,14,18,19,0,0,2
10,66.58181888097356,5,15,0,0,0,0,1
10,129.64739751086063,5,15,17,17,0,0,2
10,66.58181888097356,5,15,18,18,0,0,2
10,66.58181888097356,5,15,19,19,0,0,2
10,21.671130116368552,6,6,8,10,18,19,3
10,28.929760287626294,6,6,8,11,18,19,3
10,46.76596887191776,6,6,8,12,18,19,3
10,884.9163721967897,6,6,8,13,18,19,3
10,66.28132947935549,6,6,8,14,18,19,3
10,151.60211040862563,6,6,8,15,18,19,3
10,523.9230629986718,6,6,8,16,18,19,3
10,1020.1773210059724,6,6,8,17,18,19,3
10,1020.1773210059724,6,6,8,18,0,0,2
10,1020.1773210059724,6,6,8,18,18,19,3
10,811.4826570128839,6,6,9,11,19,19,3
10,1311.790084005548,6,6,9,12,19,19,3
10,24821.992363745692,6,6,9,13,19,19,3
10,1859.1978924643568,6,6,9,14,19,19,3
10,4252.454294126,6,6,9,15,19,19,3
10,14696.094091534407,6,6,9,16,19,19,3
10,28616.075447686977,6,6,9,17,19,19,3
10,28616.075447686977,6,6,9,18,19,19,3
10,28616.075447686977,6,6,9,19,0,0,2
10,28616.075447686977,6,6,9,19,19,19,3
10,356.39339814367685,6,7,9,11,18,19,3
10,576.1223873974848,6,7,9,12,18,19,3
10,10901.519743842518,6,7,9,13,18,19,3
10,816.5372962572305,6,7,9,14,18,19,3
10,1867.6266501037185,6,7,9,15,18,19,3
10,6454.347320250866,6,7,9,16,18,19,3
10,12567.835285449724,6,7,9,17,18,19,3
10,12567.835285449724,6,7,9,18,0,0,2
10,12567.835285449724,6,7,9,18,18,19,3
10,10.337937984355298,6,7,10,12,19,19,3
10,195.61682988256112,6,7,10,13,19,19,3
10,14.651942217958766,6,7,10,14,19,19,3
10,33.51268568805097,6,7,10,15,19,19,3
10,115.81678439481948,6,7,10,16,19,19,3
10,225.5171897858083,6,7,10,17,19,19,3
10,225.5171897858083,6,7,10,18,19,19,3
10,225.5171897858083,6,7,10,19,0,0,2
10,225.5171897858083,6,7,10,19,19,19,3
10,0.3685526303872651,6,8,10,12,18,19,3
10,6.973837269128486,6,8,10,13,18,19,3
10,0.5223490267481695,6,8,10,14,18,19,3
10,1.194743911248477,6,8,10,15,18,19,3
10,4.128925961473297,6,8,10,16,18,19,3
10,8.039799969673254,6,8,10,17,18,19,3
10,8.039799969673254,6,8,10,18,0,0,2
10,8.039799969673254,6,8,10,18,18,19,3
10,8.559114609619622,6,8,11,13,19,19,3
10,0.6410882579598197,6,8,11,14,19,19,3
10,1.466330467845696,6,8,11,15,19,19,3
10,5.067504324387575,6,8,11,16,19,19,3
10,9.867389605357005,6,8,11,17,19,19,3
10,9.867389605357005,6,8,11,18,19,19,3
10,9.867389605357005,6,8,11,19,0,0,2
10,9.867389605357005,6,8,11,19,19,19,3
10,476.9904356521696,6,9,11,13,18,19,3
10,35.727172891465095,6,9,11,14,18,19,3
10,81.71705142044507,6,9,11,15,18,19,3
10,282.4066747093487,6,9,11,16,18,19,3
10,549.8992222068279,6,9,11,17,18,19,3
10,549.8992222068279,6,9,11,18,0,0,2
10,549.8992222068279,6,9,11,18,18,19,3
10,26.763035874586667,6,9,12,14,19,19,3
10,61.213810154378805,6,9,12,15,19,19,3
10,211.5493433927594,6,9,12,16,19,19,3
10,411.9265931294663,6,9,12,17,19,19,3
10,411.9265931294663,6,9,12,18,19,19,3
10,411.9265931294663,6,9,12,19,0,0,2
10,411.9265931294663,6,9,12,19,19,19,3
10,21.80611728314148,6,10,12,14,18,19,3
10,49.87608766918176,6,10,12,15,18,19,3
10,172.36720881783478,6,10,12,16,18,19,3
10,335.6315645175206,6,10,12,17,18,19,3
10,335.6315645175206,6,10,12,18,0,0,2
10,335.6315645175206,6,10,12,18,18,19,3
10,30.853701851144653,6,10,13,15,19,19,3
10,106.62757883204092,6,10,13,16,19,19,3
10,207.62406811341387,6,10,13,17,19,19,3
10,207.62406811341387,6,10,13,18,19,19,3
10,207.62406811341387,6,10,13,19,0,0,2
10,207.62406811341387,6,10,13,19,19,19,3
10,41.18798575554295,6,11,13,15,18,19,3
10,142.34192121485114,6,11,13,16,18,19,3
10,277.16664927991184,6,11,13,17,18,19,3
10,277.16664927991184,6,11,13,18,0,0,2
10,277.16664927991184,6,11,13,18,18,19,3
10,7.52247112365817,6,11,14,16,19,19,3
10,14.647674401571123,6,11,14,17,19,19,3
10,14.647674401571123,6,11,14,18,19,19,3
10,14.647674401571123,6,11,14,19,0,0,2
10,14.647674401571123,6,11,14,19,19,19,3
10,12.16033755244653,6,12,14,16,18,19,3
10,23.67847774400165,6,12,14,17,18,19,3
10,23.67847774400165,6,12,14,18,0,0,2
10,23.67847774400165,6,12,14,18,18,19,3
10,316.129335198243,6,12,15,17,19,19,3
10,316.129335198243,6,12,15,18,19,19,3
10,316.129335198243,6,12,15,19,0,0,2
10,316.129335198243,6,12,15,19,19,19,3
10,5981.871672856465,6,13,15,17,18,19,3
10,5981.871672856465,6,13,15,18,0,0,2
10,5981.871672856465,6,13,15,18,18,19,3
10,2615.3092868109816,6,13,16,18,19,19,3
10,2615.3092868109816,6,13,16,19,0,0,2
10,2615.3092868109816,6,13,16,19,19,19,3
10,195.88989646468855,6,14,16,18,0,0,2
10,195.88989646468855,6,14,16,18,18,19,3
10,56.682600574598574,6,14,17,19,0,0,2
10,56.682600574598574,6,14,17,19,19,19,3
10,129.64739751086063,6,15,17,18,0,0,2
10,66.58181888097356,6,15,18,19,0,0,2
10,230.1006918315153,6,16,0,0,0,0,1
10,230.1006918315153,6,16,18,18,0,0,2
10,230.1006918315153,6,16,19,19,0,0,2
10,26.62180388933656,7,7,9,11,19,19,3
10,43.035076669318855,7,7,9,12,19,19,3
10,814.3195755812137,7,7,9,13,19,19,3
10,60.99354219947063,7,7,9,14,19,19,3
10,139.5076078191429,7,7,9,15,19,19,3
10,482.1255654239504,7,7,9,16,19,19,3
10,938.7896858511504,7,7,9,17,19,19,3
10,938.7896858511504,7,7,9,18,19,19,3
10,938.7896858511504,7,7,9,19,0,0,2
10,938.7896858511504,7,7,9,19,19,19,3
10,0.0275300718256107,7,8,10,12,19,19,3
10,0.520930323350264,7,8,10,13,19,19,3
10,0.0390183247622043,7,8,10,14,19,19,3
10,0.0892447454663946,7,8,10,15,19,19,3
10,0.3084216985849428,7,8,10,16,19,19,3
10,0.6005553952934042,7,8,10,17,19,19,3
10,0.6005553952934042,7,8,10,18,19,19,3
10,0.6005553952934042,7,8,10,19,0,0,2
10,0.6005553952934042,7,8,10,19,19,19,3
10,35.630137654519714,7,9,11,13,19,19,3
10,2.668741326834478,7,9,11,14,19,19,3
10,6.104084218902678,7,9,11,15,19,19,3
10,21.09515818842711,7,9,11,16,19,19,3
10,41.07626383861123,7,9,11,17,19,19,3
10,41.07626383861123,7,9,11,18,19,19,3
10,41.07626383861123,7,9,11,19,0,0,2
10,41.07626383861123,7,9,11,19,19,19,3
10,1.628869055721493,7,10,12,14,19,19,3
10,3.725634177322856,7,10,12,15,19,19,3
10,12.875451829359692,7,10,12,16,19,19,3
10,25.070940528630487,7,10,12,17,19,19,3
10,25.070940528630487,7,10,12,18,19,19,3
10,25.070940528630487,7,10,12,19,0,0,2
10,25.070940528630487,7,10,12,19,19,19,3
10,3.0766520510540123,7,11,13,15,19,19,3
10,10.632628807241543,7,11,13,16,19,19,3
10,20.703739800532695,7,11,13,17,19,19,3
10,20.703739800532695,7,11,13,18,19,19,3
10,20.703739800532695,7,11,13,19,0,0,2
10,20.703739800532695,7,11,13,19,19,19,3
10,0.9083505004176806,7,12,14,16,19,19,3
10,1.7687302688045503,7,12,14,17,19,19,3
10,1.7687302688045503,7,12,14,18,19,19,3
10,1.7687302688045503,7,12,14,19,0,0,2
10,1.7687302688045503,7,12,14,19,19,19,3
10,446.8326725338578,7,13,15,17,19,19,3
10,446.8326725338578,7,13,15,18,19,19,3
10,446.8326725338578,7,13,15,19,0,0,2
10,446.8326725338578,7,13,15,19,19,19,3
10,14.632544920158786,7,14,16,18,19,19,3
10,14.632544920158786,7,14,16,19,0,0,2
10,14.632544920158786,7,14,16,19,19,19,3
10,9.684375774844098,7,15,17,19,0,0,2
10,9.684375774844098,7,15,17,19,19,19,3
10,17.188016177195696,7,16,18,19,0,0,2
10,33.468319177816525,7,17,0,0,0,0,1
10,33.468319177816525,7,17,19,19,0,0,2
10,76.20500467637982,8,18,0,0,0,0,1
10,2137.557969981428,9,19,0,0,0,0,1
