struct_elem,sw_part,start1,end1,start2,end2,type
12,6.118144296897499e+46,0,0,2,14,2
12,2.3634049041079684e+24,0,0,3,15,2
12,5.0503400200508484e+41,0,0,4,16,2
12,3.712108256399755e+35,0,0,5,17,2
12,9.38973498910739e+49,0,0,6,18,2
12,8.181501692416457e+44,0,0,7,19,2
12,1.1224829981083676e+36,0,1,3,14,2
12,2.0885249160788517e+21,0,1,4,15,2
12,5.972570274947426e+31,0,1,5,16,2
12,1.4878700465418578e+47,0,1,6,17,2
12,1.29641691890126e+42,0,1,7,18,2
12,7.971152051992645e+23,0,1,8,19,2
12,5.406562701984013e+43,0,2,4,14,2
12,1.346233070194916e+22,0,2,5,15,2
12,1.3048049036425096e+54,0,2,6,16,2
12,1.1196861334350231e+50,0,2,7,17,2
12,6.884504737628943e+31,0,2,8,18,2
12,7.535353979712273e+26,0,2,9,19,2
12,7.235363682527209e+36,0,3,5,14,2
12,6.106088492912484e+36,0,3,6,15,2
12,2.0386158984390783e+49,0,3,7,16,2
12,1.2344765380811563e+32,0,3,8,17,2
12,1.351181827684364e+27,0,3,9,18,2
12,7.785353971509823e+22,0,3,10,19,2
12,2.452246273820589e+58,0,4,6,14,2
12,7.128756803521977e+38,0,4,7,15,2
12,1.6795108960888882e+38,0,4,8,16,2
12,1.8104428134730685e+34,0,4,9,17,2
12,1.0431562843188376e+30,0,4,10,18,2
12,3.250720315537969e+26,0,4,11,19,2
12,8.447166813523969e+38,0,5,7,14,2
12,1732836.153325113,0,5,8,15,2
12,7.267433709935443e+18,0,5,9,16,2
12,4123981198859685.5,0,5,10,17,2
12,1285129530977.5645,0,5,11,18,2
12,0.001399530330798,0,5,12,19,2
12,5.960844390193911e+25,0,6,8,14,2
12,2176751.0683704084,0,6,9,15,2
12,4.805802921121822e+19,0,6,10,16,2
12,1.4749157521705542e+17,0,6,11,17,2
12,160.62111100694594,0,6,12,18,2
12,55.55117957599877,0,6,13,19,2
12,1.0611147136304876e+39,0,7,9,14,2
12,2.039843882532279e+20,0,7,10,15,2
12,2.4356774782506484e+34,0,7,11,16,2
12,2.612319078646469e+20,0,7,12,17,2
12,9.034765438860752e+19,0,7,13,18,2
12,1.3420987185062577e+28,0,7,14,19,2
12,5.585935911893914e+39,0,8,10,14,2
12,5.807593382492611e+21,0,8,11,15,2
12,2.423395162772955e+24,0,8,12,16,2
12,8.254407906339349e+24,0,8,13,17,2
12,1.2261779620172189e+33,0,8,14,18,2
12,3.007808782446118e+30,0,8,15,19,2
12,3.021075701781528e+40,0,9,11,14,2
12,109765799726.51736,0,9,12,15,2
12,1.4546225935917337e+28,0,9,13,16,2
12,2.128084844758136e+37,0,9,14,17,2
12,5.22018213027053e+34,0,9,15,18,2
12,1.564644325073771e+49,0,9,16,19,2
12,1.0557638632871193e+29,0,10,12,14,2
12,121822491911466.78,0,10,13,15,2
12,6.934061385053812e+39,0,10,14,16,2
12,1.6751566624948271e+38,0,10,15,17,2
12,5.020944289248666e+52,0,10,16,18,2
12,1.3103664928301055e+35,0,10,17,19,2
12,3.352911117681221e+43,0,11,13,14,2
12,1.661726887642966e+37,0,11,14,15,2
12,1.5618847593052418e+52,0,11,15,16,2
12,4.6105208565414004e+67,0,11,16,17,2
12,1.2032541483964728e+50,0,11,17,18,2
12,1.2217612239368055e+49,0,11,18,19,2
12,3.5326098684450263e+49,0,12,0,0,1
12,1.4401209260281682e+52,0,12,14,14,2
12,1.178598011890312e+35,0,12,15,15,2
12,1.3535936275968995e+67,0,12,16,16,2
12,3.4790983668447606e+50,0,12,17,17,2
12,3.5326098684450263e+49,0,12,18,18,2
12,3.5326098684450263e+49,0,12,19,19,2
12,3.4750249944108766e+21,1,1,3,15,2
12,7.425751621927e+38,1,1,4,16,2
12,5.4580867419401886e+32,1,1,5,17,2
12,1.380616741605606e+47,1,1,6,18,2
12,1.2029645374579986e+42,1,1,7,19,2
12,1.6737839731119452e+29,1,2,4,15,2
12,4.7865325079579604e+39,1,2,5,16,2
12,1.1924076264556493e+55,1,2,6,17,2
12,1.0389734135430292e+50,1,2,7,18,2
12,6.388234322295185e+31,1,2,8,19,2
12,2.2399510444974595e+22,1,3,5,15,2
12,2.1710201387017168e+54,1,3,6,16,2
12,1.863007364492964e+50,1,3,7,17,2
12,1.1454891370085818e+32,1,3,8,18,2
12,1.253781710701171e+27,1,3,9,19,2
12,7.591756051840478e+43,1,4,6,15,2
12,2.5346299193530783e+56,1,4,7,16,2
12,1.5348360476122933e+39,1,4,8,17,2
12,1.6799368088697658e+34,1,4,9,18,2
12,9.679602285085508e+29,1,4,10,19,2
12,2.615105605913184e+24,1,5,7,15,2
12,6.161100007485783e+23,1,5,8,16,2
12,6.641409268386886e+19,1,5,9,17,2
12,3826703480217001.5,1,5,10,18,2
12,1192490802354.1191,1,5,11,19,2
12,184538057846.9812,1,6,8,15,2
12,7.73943976058975e+23,1,6,9,16,2
12,4.391825964472751e+20,1,6,10,17,2
12,1.3685962592212125e+17,1,6,11,18,2
12,149.04271742474566,1,6,12,19,2
12,3.285038756058936e+24,1,7,9,15,2
12,7.252666177251469e+37,1,7,10,16,2
12,2.225865639027445e+35,1,7,11,17,2
12,2.424009719650999e+20,1,7,12,18,2
12,8.383493202489088e+19,1,7,13,19,2
12,1.7293150046567622e+25,1,8,10,15,2
12,2.0648901838578366e+39,1,8,11,16,2
12,2.214641335221373e+25,1,8,12,17,2
12,7.659387843730732e+24,1,8,13,18,2
12,1.1377887648746278e+33,1,8,14,19,2
12,9.352759544144965e+25,1,9,11,15,2
12,3.902723683477165e+28,1,9,12,16,2
12,1.3293198618210618e+29,1,9,13,17,2
12,1.9746815732052253e+37,1,9,14,18,2
12,4.843884625564411e+34,1,9,15,19,2
12,326847339273851.2,1,10,12,15,2
12,4.331399448167319e+31,1,10,13,16,2
12,6.336753988867189e+40,1,10,14,17,2
12,1.5544027775999949e+38,1,10,15,18,2
12,4.6590088701074963e+52,1,10,16,19,2
12,1.03800680790852e+29,1,11,13,15,2
12,5.908270969676332e+54,1,11,14,16,2
12,1.4273423509072572e+53,1,11,15,17,2
12,4.278170863683619e+67,1,11,16,18,2
12,1.116517417326645e+50,1,11,17,19,2
12,4.458380413205109e+37,1,12,14,15,2
12,4.190505955191729e+52,1,12,15,16,2
12,1.236993638023989e+68,1,12,16,17,2
12,3.2283071106395433e+50,1,12,17,18,2
12,3.2779612287189367e+49,1,12,18,19,2
12,2.2066641157453042e+41,1,13,0,0,1
12,7.362177077515468e+26,1,13,15,15,2
12,8.455296782133276e+58,1,13,16,16,2
12,2.173237862986482e+42,1,13,17,17,2
12,2.2066641157453042e+41,1,13,18,18,2
12,2.2066641157453042e+41,1,13,19,19,2
12,4.0474394723515007e+49,2,2,4,16,2
12,2.974954839267041e+43,2,2,5,17,2
12,7.525113928754963e+57,2,2,6,18,2
12,6.55681256341689e+52,2,2,7,19,2
12,5.4165091907159993e+42,2,3,5,16,2
12,1.3493456603582157e+58,2,3,6,17,2
12,1.175717293052714e+53,2,3,7,18,2
12,7.229018054641757e+34,2,3,8,19,2
12,1.8357908548708196e+64,2,4,6,16,2
12,1.5753386259872785e+60,2,4,7,17,2
12,9.686130702277848e+41,2,4,8,18,2
12,1.0601840846514995e+37,2,4,9,19,2
12,6.3236844322635606e+44,2,5,7,16,2
12,3.8292844041076667e+27,2,5,8,17,2
12,4.191298368382043e+22,2,5,9,18,2
12,2.414977816419265e+18,2,5,10,19,2
12,4.462383625840789e+31,2,6,8,16,2
12,4.810263741174122e+27,2,6,9,17,2
12,2.771618530833853e+23,2,6,10,18,2
12,8.637015182232438e+19,2,6,11,19,2
12,7.943674777072243e+44,2,7,9,16,2
12,4.5077212587044534e+41,2,7,10,17,2
12,1.4047119585749327e+38,2,7,11,18,2
12,1.5297578529418342e+23,2,7,12,19,2
12,4.1817211315293357e+45,2,8,10,16,2
12,1.2833831243827539e+43,2,8,11,17,2
12,1.397628461032865e+28,2,8,12,18,2
12,4.83373008271657e+27,2,8,13,19,2
12,2.261625679447956e+46,2,9,11,16,2
12,2.425644595368109e+32,2,9,12,17,2
12,8.389147457647592e+31,2,9,13,18,2
12,1.2461932884102262e+40,2,9,14,19,2
12,7.903617453992332e+34,2,10,12,16,2
12,2.692077767716012e+35,2,10,13,17,2
12,3.9990347802837517e+43,2,10,14,18,2
12,9.809613535751617e+40,2,10,15,19,2
12,2.5100429890527687e+49,2,11,13,16,2
12,3.672144560538666e+58,2,11,14,17,2
12,9.007753361860312e+55,2,11,15,18,2
12,2.6998924228278826e+70,2,11,16,19,2
12,1.0780976014255194e+58,2,12,14,16,2
12,2.6045087857751005e+56,2,12,15,17,2
12,7.806489868690624e+70,2,12,16,18,2
12,2.0373384290389053e+53,2,12,17,19,2
12,1.7802755065562772e+47,2,13,15,16,2
12,5.255187557511278e+62,2,13,16,17,2
12,1.3714993220789178e+45,2,13,17,18,2
12,1.3925941519542654e+44,2,13,18,19,2
12,5.677117073152876e+46,2,14,0,0,1
12,2.17530658054914e+64,2,14,16,16,2
12,5.5911208633652524e+47,2,14,17,17,2
12,5.677117073152876e+46,2,14,18,18,2
12,5.677117073152876e+46,2,14,19,19,2
12,6.176449643304621e+35,3,3,5,17,2
12,1.5623258083654726e+50,3,3,6,18,2
12,1.3612920130414802e+45,3,3,7,19,2
12,2.093353739745107e+57,3,4,6,17,2
12,1.823989408052453e+52,3,4,7,18,2
12,1.1214985473293497e+34,3,4,8,19,2
12,7.210902276871043e+37,3,5,7,17,2
12,4.433697033953727e+19,3,5,8,18,2
12,485285112915011.75,3,5,9,19,2
12,5.088459519528662e+24,3,6,8,17,2
12,5.569513734446351e+19,3,6,9,18,2
12,3209089626831441.0,3,6,10,19,2
12,9.058178527135632e+37,3,7,9,17,2
12,5.219218074575313e+33,3,7,10,18,2
12,1.6264310996624258e+30,3,7,11,19,2
12,4.7684198589572245e+38,3,8,10,17,2
12,1.485951773625978e+35,3,8,11,18,2
12,1.618229545865941e+20,3,8,12,19,2
12,2.578933521438073e+39,3,9,11,17,2
12,2.8085073118030333e+24,3,9,12,18,2
12,9.713286942195752e+23,3,9,13,19,2
12,9.012501130469764e+27,3,10,12,17,2
12,3.1169941833235906e+27,3,10,13,18,2
12,4.6302407376693866e+35,3,10,14,19,2
12,2.8622039728072764e+42,3,11,13,17,2
12,4.251754303975126e+50,3,11,14,18,2
12,1.0429533340544034e+48,3,11,15,19,2
12,1.2293555334837868e+51,3,12,14,17,2
12,3.015603350330956e+48,3,12,15,18,2
12,9.03866292597009e+62,3,12,16,19,2
12,2.0300495448804487e+40,3,13,15,17,2
12,6.084664137669125e+54,3,13,16,18,2
12,1.5879761946770147e+37,3,13,17,19,2
12,2.480503785822114e+57,3,14,16,17,2
12,6.47362101435649e+39,3,14,17,18,2
12,6.573190829504724e+38,3,14,18,19,2
12,2.19303855561048e+24,3,15,0,0,1
12,2.1598187010134192e+25,3,15,17,17,2
12,2.19303855561048e+24,3,15,18,18,2
12,2.19303855561048e+24,3,15,19,19,2
12,1.1674343978387878e+57,4,4,6,18,2
12,1.0172136394459844e+52,4,4,7,19,2
12,4.021420363716551e+37,4,5,7,18,2
12,2.4726114505919898e+19,4,5,8,19,2
12,2.8377634235059383e+24,4,6,8,18,2
12,3.10604069889301e+19,4,6,9,19,2
12,5.051620752654135e+37,4,7,9,18,2
12,2.9106856592823035e+33,4,7,10,19,2
12,2.6592817358054343e+38,4,8,10,18,2
12,8.286947309114256e+34,4,8,11,19,2
12,1.4382355191592788e+39,4,9,11,18,2
12,1.5662656435599688e+24,4,9,12,19,2
12,5.026147100944544e+27,4,10,12,18,2
12,1.7383045007569452e+27,4,10,13,19,2
12,1.5962115279631704e+42,4,11,13,18,2
12,2.3711445091090976e+50,4,11,14,19,2
12,6.855945604000683e+50,4,12,14,18,2
12,1.6817602369692518e+48,4,12,15,19,2
12,1.1321305248194626e+40,4,13,15,18,2
12,3.3933329464306675e+54,4,13,16,19,2
12,1.3833426183816385e+57,4,14,16,18,2
12,3.610248811389145e+39,4,14,17,19,2
12,1.2045009865200896e+25,4,15,17,18,2
12,1.2230272394946831e+24,4,15,18,19,2
12,4.686285605848935e+41,4,16,0,0,1
12,4.686285605848935e+41,4,16,18,18,2
12,4.686285605848935e+41,4,16,19,19,2
12,3.001293427495801e+30,5,5,7,19,2
12,2.117898638153037e+17,5,6,8,19,2
12,3.770159493878544e+30,5,7,9,19,2
12,1.9846929874688013e+31,5,8,10,19,2
12,1.0733935824740372e+32,5,9,11,19,2
12,3.7511478272196654e+20,5,10,12,19,2
12,1.1912952973017184e+35,5,11,13,19,2
12,5.116775323020252e+43,5,12,14,19,2
12,8.449392492924477e+32,5,13,15,19,2
12,1.0324255444627628e+50,5,14,16,19,2
12,8.989512578371512e+17,5,15,17,19,2
12,3.4975001159053043e+34,5,16,18,19,2
12,3.44452045213859e+35,5,17,0,0,1
12,3.44452045213859e+35,5,17,19,19,2
12,8.712874726749128e+49,6,18,0,0,1
12,7.591737083677482e+44,7,19,0,0,1
