atom1,res1,chain1,atom1_xcoord,atom1_ycoord,atom1_zcoord,atom1_resnum,atom2,res2,chain2,atom2_xcoord,atom2_ycoord,atom2_zcoord,atom2_resnum,distance,intr_type,mean_coord_x,mean_coord_y,mean_coord_z,atom1_chg,atom2_chg,intene,section
442,ASP,A,-44.128,32.124,-15.847,104,3973,GLU,B,-38.765,29.918,-14.257,144,6.013011308820233,elec,-41.4465,31.021,-15.052,-0.5,-0.5,1.991497427280515,17
442,ASP,A,-44.128,32.124,-15.847,104,3974,GLU,B,-40.413,30.925,-15.325,144,3.938440046515883,elec,-42.2705,31.524500000000003,-15.585999999999999,-0.5,-0.5,3.040517669506651,17
442,ASP,A,-44.128,32.124,-15.847,104,4130,ASP,B,-36.579,36.406,-21.7,165,10.46807212432165,elec,-40.3535,34.265,-18.7735,-0.5,-0.5,1.1439447884488216,18
442,ASP,A,-44.128,32.124,-15.847,104,4131,ASP,B,-36.542,34.2,-21.715,165,9.812777180798513,elec,-40.335,33.162000000000006,-18.781,-0.5,-0.5,1.2203371513577652,18
442,ASP,A,-44.128,32.124,-15.847,104,4158,LYS,B,-37.589,29.281,-18.941,168,7.772644723644587,elec,-40.8585,30.7025,-17.394,-0.5,1.0,-3.0812926558436904,17
443,ASP,A,-44.299,32.322,-13.675,104,3973,GLU,B,-38.765,29.918,-14.257,144,6.061608367421967,elec,-41.532,31.12,-13.966000000000001,-0.5,-0.5,1.9755312164479413,16
443,ASP,A,-44.299,32.322,-13.675,104,3974,GLU,B,-40.413,30.925,-15.325,144,4.446920844809363,elec,-42.355999999999995,31.6235,-14.5,-0.5,-0.5,2.6928512941042677,17
443,ASP,A,-44.299,32.322,-13.675,104,4130,ASP,B,-36.579,36.406,-21.7,165,11.860779105944092,elec,-40.439,34.364000000000004,-17.6875,-0.5,-0.5,1.0096214122833511,18
443,ASP,A,-44.299,32.322,-13.675,104,4131,ASP,B,-36.542,34.2,-21.715,165,11.328703941757857,elec,-40.420500000000004,33.261,-17.695,-0.5,-0.5,1.057040294572833,18
443,ASP,A,-44.299,32.322,-13.675,104,4158,LYS,B,-37.589,29.281,-18.941,168,9.055525219444757,elec,-40.944,30.8015,-16.308,-0.5,1.0,-2.6447712885853756,17
484,LYS,A,-45.826,37.026,-1.794,110,3815,LYS,B,-45.367,31.883,8.487,122,11.50478556949238,elec,-45.5965,34.4545,3.3465,1.0,1.0,4.163448846357769,8
484,LYS,A,-45.826,37.026,-1.794,110,5897,HIS,B,-44.602,46.154,-8.777,393,11.557718157145034,elec,-45.214,41.59,-5.2855,1.0,0.5,2.072190442595488,14
524,GLU,A,-47.778,34.046,-0.096,114,3815,LYS,B,-45.367,31.883,8.487,122,9.17384210677293,elec,-46.5725,32.9645,4.1955,-0.5,1.0,-2.6106611411773097,6
525,GLU,A,-48.801,34.031,1.859,114,3815,LYS,B,-45.367,31.883,8.487,122,7.767666573688654,elec,-47.084,32.957,5.173,-0.5,1.0,-3.0832673977759537,6
568,ASP,A,-50.217,25.972,10.826,119,3815,LYS,B,-45.367,31.883,8.487,122,7.995832789647367,elec,-47.792,28.927500000000002,9.656500000000001,-0.5,1.0,-2.995284385443547,0
569,ASP,A,-50.362,27.863,11.952,119,3815,LYS,B,-45.367,31.883,8.487,122,7.288117040772605,elec,-47.8645,29.872999999999998,10.2195,-0.5,1.0,-3.286142767667379,0
593,LYS,A,-51.649,25.667,3.629,122,3815,LYS,B,-45.367,31.883,8.487,122,10.084758004037578,elec,-48.507999999999996,28.775,6.058,1.0,1.0,4.749701102170152,0
702,GLU,A,-35.465,20.063,-9.724,138,3713,ASP,B,-30.553,19.199,-4.561,109,7.178496291006914,elec,-33.009,19.631,-7.1425,-0.5,-0.5,1.6681622538032184,10
702,GLU,A,-35.465,20.063,-9.724,138,3714,ASP,B,-31.659,20.26,-2.982,109,7.74461161066196,elec,-33.562,20.1615,-6.353,-0.5,-0.5,1.5462229939637475,10
702,GLU,A,-35.465,20.063,-9.724,138,3973,GLU,B,-38.765,29.918,-14.257,144,11.33839115571517,elec,-37.115,24.990499999999997,-11.9905,-0.5,-0.5,1.0561371880073245,14
703,GLU,A,-34.017,19.094,-8.377,138,3713,ASP,B,-30.553,19.199,-4.561,109,5.154820753430717,elec,-32.285000000000004,19.146500000000003,-6.469,-0.5,-0.5,2.323048098957547,9
703,GLU,A,-34.017,19.094,-8.377,138,3714,ASP,B,-31.659,20.26,-2.982,109,6.0021450332360375,elec,-32.838,19.677,-5.679500000000001,-0.5,-0.5,1.9951028316401596,9
723,ARG,A,-33.255,17.547,-1.792,141,3381,GLU,B,-23.743,17.942,3.686,67,10.983744944234642,elec,-28.499000000000002,17.744500000000002,0.947,0.5,-0.5,-1.0902380392590734,1
723,ARG,A,-33.255,17.547,-1.792,141,3382,GLU,B,-24.068,20.114,3.529,67,10.92261411018443,elec,-28.661500000000004,18.8305,0.8684999999999999,0.5,-0.5,-1.096339798414973,1
723,ARG,A,-33.255,17.547,-1.792,141,3699,GLU,B,-26.537,20.483,1.799,107,8.163755324603994,elec,-29.896,19.015,0.0034999999999999476,0.5,-0.5,-1.4668367773877415,2
723,ARG,A,-33.255,17.547,-1.792,141,3700,GLU,B,-27.846,21.802,2.984,107,8.37690169454077,elec,-30.5505,19.674500000000002,0.596,0.5,-0.5,-1.429513797389813,2
723,ARG,A,-33.255,17.547,-1.792,141,3713,ASP,B,-30.553,19.199,-4.561,109,4.206812213541271,elec,-31.904000000000003,18.373,-3.1765,0.5,-0.5,-2.846548869754216,7
723,ARG,A,-33.255,17.547,-1.792,141,3714,ASP,B,-31.659,20.26,-2.982,109,3.365068349974487,elec,-32.457,18.9035,-2.387,0.5,-0.5,-3.558589397393645,6
723,ARG,A,-33.255,17.547,-1.792,141,3736,LYS,B,-30.707,20.051,4.257,112,7.0251491799107,elec,-31.981,18.799,1.2325,0.5,1.0,3.4091508222965183,2
723,ARG,A,-33.255,17.547,-1.792,141,3757,LYS,B,-36.619,23.975,6.115,115,10.73109169656098,elec,-34.937,20.761000000000003,2.1615,0.5,1.0,2.231813293620772,0
724,ARG,A,-33.082,17.264,-4.057,141,3699,GLU,B,-26.537,20.483,1.799,107,9.35370097875702,elec,-29.8095,18.8735,-1.1290000000000002,0.5,-0.5,-1.2802308496839974,4
724,ARG,A,-33.082,17.264,-4.057,141,3700,GLU,B,-27.846,21.802,2.984,107,9.878502973629152,elec,-30.464,19.533,-0.5365000000000002,0.5,-0.5,-1.2122177402478238,3
724,ARG,A,-33.082,17.264,-4.057,141,3713,ASP,B,-30.553,19.199,-4.561,109,3.22398542180327,elec,-31.817500000000003,18.2315,-4.309,0.5,-0.5,-3.7143147331684343,7
724,ARG,A,-33.082,17.264,-4.057,141,3714,ASP,B,-31.659,20.26,-2.982,109,3.486627310166663,elec,-32.3705,18.762,-3.5195000000000003,0.5,-0.5,-3.4345215265212072,7
724,ARG,A,-33.082,17.264,-4.057,141,3736,LYS,B,-30.707,20.051,4.257,112,9.084634830305507,elec,-31.8945,18.6575,0.09999999999999964,0.5,1.0,2.6362967307782106,3
889,ARG,A,-35.937,17.622,-13.818,162,3713,ASP,B,-30.553,19.199,-4.561,109,10.824344506712633,elec,-33.245,18.4105,-9.189499999999999,0.5,-0.5,-1.106292999478906,11
889,ARG,A,-35.937,17.622,-13.818,162,3714,ASP,B,-31.659,20.26,-2.982,109,11.94484089471266,elec,-33.798,18.941000000000003,-8.4,0.5,-0.5,-1.002516204047957,11
890,ARG,A,-35.477,19.505,-12.609,162,3713,ASP,B,-30.553,19.199,-4.561,109,9.439794277419397,elec,-33.015,19.352,-8.585,0.5,-0.5,-1.268554822255912,11
890,ARG,A,-35.477,19.505,-12.609,162,3714,ASP,B,-31.659,20.26,-2.982,109,10.383943277965262,elec,-33.568,19.8825,-7.7955000000000005,0.5,-0.5,-1.1532128239890216,11
890,ARG,A,-35.477,19.505,-12.609,162,3973,GLU,B,-38.765,29.918,-14.257,144,11.043433207114536,elec,-37.120999999999995,24.7115,-13.433,0.5,-0.5,-1.0843454501096204,15
890,ARG,A,-35.477,19.505,-12.609,162,4158,LYS,B,-37.589,29.281,-18.941,168,11.8374382363753,elec,-36.533,24.393,-15.774999999999999,0.5,1.0,2.023224334962347,15
1212,GLU,A,-37.341,20.683,-20.561,200,3973,GLU,B,-38.765,29.918,-14.257,144,11.27179741656139,elec,-38.053,25.3005,-17.409,-0.5,-0.5,1.0623768427677471,16
1212,GLU,A,-37.341,20.683,-20.561,200,3974,GLU,B,-40.413,30.925,-15.325,144,11.90594154193611,elec,-38.876999999999995,25.804000000000002,-17.942999999999998,-0.5,-0.5,1.0057916469306645,16
1212,GLU,A,-37.341,20.683,-20.561,200,4158,LYS,B,-37.589,29.281,-18.941,168,8.752800009139932,elec,-37.465,24.982,-19.750999999999998,-0.5,1.0,-2.7362436110089563,16
1212,GLU,A,-37.341,20.683,-20.561,200,4515,GLU,B,-29.597,28.046,-23.309,210,11.033349853965476,elec,-33.469,24.3645,-21.935000000000002,-0.5,-0.5,1.0853364309317413,17
1213,GLU,A,-37.473,18.642,-19.734,200,4158,LYS,B,-37.589,29.281,-18.941,168,10.669143639486723,elec,-37.531,23.9615,-19.3375,-0.5,1.0,-2.244771831059579,16
1266,ASP,A,-33.816,10.914,-27.133,207,4461,ASP,B,-25.249,18.981,-29.41,204,11.985604156653936,elec,-29.5325,14.947500000000002,-28.2715,-0.5,-0.5,0.9991066278520592,19
1266,ASP,A,-33.816,10.914,-27.133,207,4462,ASP,B,-25.241,16.943,-30.254,204,10.937097741174304,elec,-29.5285,13.9285,-28.6935,-0.5,-0.5,1.0948879524631925,19
1267,ASP,A,-33.996,11.886,-25.16,207,4462,ASP,B,-25.241,16.943,-30.254,204,11.32131220309731,elec,-29.6185,14.4145,-27.707,-0.5,-0.5,1.0577304412158175,19
1399,ARG,A,-34.576,10.385,-30.62,223,4462,ASP,B,-25.241,16.943,-30.254,204,11.41418174903484,elec,-29.9085,13.664000000000001,-30.437,0.5,-0.5,-1.0491243976149855,19
1400,ARG,A,-34.517,12.579,-29.973,223,4461,ASP,B,-25.249,18.981,-29.41,204,11.278226677984447,elec,-29.883000000000003,15.780000000000001,-29.691499999999998,0.5,-0.5,-1.061771224646479,19
1400,ARG,A,-34.517,12.579,-29.973,223,4462,ASP,B,-25.241,16.943,-30.254,204,10.25512715669582,elec,-29.879,14.761000000000001,-30.113500000000002,0.5,-0.5,-1.1676984954696967,19
